date,close,ticker,industry
2025-08-01 07:00:00,26.2,EIB,Ngân hàng
2025-08-08 07:00:00,26.7,EIB,Ngân hàng
2025-08-15 07:00:00,29.7,EIB,Ngân hàng
2025-08-22 07:00:00,28.95,EIB,Ngân hàng
2025-08-29 07:00:00,29.7,EIB,Ngân hàng
2025-09-05 07:00:00,28.75,EIB,Ngân hàng
2025-09-12 07:00:00,27.2,EIB,Ngân hàng
2025-09-19 07:00:00,26.1,EIB,Ngân hàng
2025-09-26 07:00:00,25.7,EIB,Ngân hàng
2025-10-03 07:00:00,25.2,EIB,Ngân hàng
2025-10-10 07:00:00,26.8,EIB,Ngân hàng
2025-10-17 07:00:00,25.8,EIB,Ngân hàng
2025-10-24 07:00:00,22.6,EIB,Ngân hàng
2025-10-31 07:00:00,22.15,EIB,Ngân hàng
2025-11-07 07:00:00,21.45,EIB,Ngân hàng
2025-11-14 07:00:00,21.35,EIB,Ngân hàng
2025-11-21 07:00:00,22.3,EIB,Ngân hàng
2025-11-28 07:00:00,22.0,EIB,Ngân hàng
2025-12-05 07:00:00,22.75,EIB,Ngân hàng
2025-12-12 07:00:00,20.7,EIB,Ngân hàng
2025-12-19 07:00:00,21.5,EIB,Ngân hàng
2025-12-26 07:00:00,21.55,EIB,Ngân hàng
2025-12-31 07:00:00,21.3,EIB,Ngân hàng
2026-01-09 07:00:00,21.3,EIB,Ngân hàng
2026-01-16 07:00:00,23.0,EIB,Ngân hàng
2026-01-23 07:00:00,22.55,EIB,Ngân hàng
2026-01-30 07:00:00,20.85,EIB,Ngân hàng
2026-02-06 07:00:00,20.6,EIB,Ngân hàng
2026-02-13 07:00:00,23.1,EIB,Ngân hàng
2026-02-27 07:00:00,23.4,EIB,Ngân hàng
2026-03-06 07:00:00,22.05,EIB,Ngân hàng
2026-03-13 07:00:00,22.5,EIB,Ngân hàng
2026-03-20 07:00:00,22.25,EIB,Ngân hàng
2026-03-27 07:00:00,22.75,EIB,Ngân hàng
2026-04-03 07:00:00,22.15,EIB,Ngân hàng
2026-04-10 07:00:00,23.1,EIB,Ngân hàng
2026-04-17 07:00:00,22.4,EIB,Ngân hàng
2026-04-24 07:00:00,22.35,EIB,Ngân hàng
2026-04-29 07:00:00,21.75,EIB,Ngân hàng
2026-05-08 07:00:00,22.15,EIB,Ngân hàng
2026-05-15 07:00:00,21.85,EIB,Ngân hàng
2026-05-22 07:00:00,21.2,EIB,Ngân hàng
2026-05-29 07:00:00,21.3,EIB,Ngân hàng
2026-06-05 07:00:00,21.1,EIB,Ngân hàng
2026-06-12 07:00:00,20.7,EIB,Ngân hàng
2026-06-19 07:00:00,21.0,EIB,Ngân hàng
2026-06-26 07:00:00,20.6,EIB,Ngân hàng
2026-07-03 07:00:00,20.65,EIB,Ngân hàng
2026-07-10 07:00:00,19.75,EIB,Ngân hàng
2026-07-17 07:00:00,19.0,EIB,Ngân hàng
2026-07-24 07:00:00,17.5,EIB,Ngân hàng
2026-07-31 07:00:00,17.8,EIB,Ngân hàng
2026-08-07 07:00:00,18.0,EIB,Ngân hàng
2026-08-13 07:00:00,17.5,EIB,Ngân hàng
2025-08-01 07:00:00,32.6,LPB,Ngân hàng
2025-08-08 07:00:00,33.45,LPB,Ngân hàng
2025-08-15 07:00:00,36.85,LPB,Ngân hàng
2025-08-22 07:00:00,44.41,LPB,Ngân hàng
2025-08-29 07:00:00,42.52,LPB,Ngân hàng
2025-09-05 07:00:00,42.0,LPB,Ngân hàng
2025-09-12 07:00:00,41.67,LPB,Ngân hàng
2025-09-19 07:00:00,43.94,LPB,Ngân hàng
2025-09-26 07:00:00,45.4,LPB,Ngân hàng
2025-10-03 07:00:00,49.61,LPB,Ngân hàng
2025-10-10 07:00:00,48.76,LPB,Ngân hàng
2025-10-17 07:00:00,46.78,LPB,Ngân hàng
2025-10-24 07:00:00,49.33,LPB,Ngân hàng
2025-10-31 07:00:00,47.91,LPB,Ngân hàng
2025-11-07 07:00:00,46.59,LPB,Ngân hàng
2025-11-14 07:00:00,47.15,LPB,Ngân hàng
2025-11-21 07:00:00,45.88,LPB,Ngân hàng
2025-11-28 07:00:00,45.92,LPB,Ngân hàng
2025-12-05 07:00:00,45.45,LPB,Ngân hàng
2025-12-12 07:00:00,41.77,LPB,Ngân hàng
2025-12-19 07:00:00,41.1,LPB,Ngân hàng
2025-12-26 07:00:00,39.22,LPB,Ngân hàng
2025-12-31 07:00:00,39.5,LPB,Ngân hàng
2026-01-09 07:00:00,38.93,LPB,Ngân hàng
2026-01-16 07:00:00,39.45,LPB,Ngân hàng
2026-01-23 07:00:00,40.07,LPB,Ngân hàng
2026-01-30 07:00:00,39.36,LPB,Ngân hàng
2026-02-06 07:00:00,39.59,LPB,Ngân hàng
2026-02-13 07:00:00,39.74,LPB,Ngân hàng
2026-02-27 07:00:00,40.68,LPB,Ngân hàng
2026-03-06 07:00:00,39.92,LPB,Ngân hàng
2026-03-13 07:00:00,39.22,LPB,Ngân hàng
2026-03-20 07:00:00,38.84,LPB,Ngân hàng
2026-03-27 07:00:00,39.5,LPB,Ngân hàng
2026-04-03 07:00:00,40.73,LPB,Ngân hàng
2026-04-10 07:00:00,46.59,LPB,Ngân hàng
2026-04-17 07:00:00,43.47,LPB,Ngân hàng
2026-04-24 07:00:00,43.75,LPB,Ngân hàng
2026-04-29 07:00:00,44.7,LPB,Ngân hàng
2026-05-08 07:00:00,48.95,LPB,Ngân hàng
2026-05-15 07:00:00,51.5,LPB,Ngân hàng
2026-05-22 07:00:00,53.2,LPB,Ngân hàng
2026-05-29 07:00:00,52.0,LPB,Ngân hàng
2026-06-05 07:00:00,45.65,LPB,Ngân hàng
2026-06-12 07:00:00,45.5,LPB,Ngân hàng
2026-06-19 07:00:00,48.0,LPB,Ngân hàng
2026-06-26 07:00:00,53.0,LPB,Ngân hàng
2026-07-03 07:00:00,51.0,LPB,Ngân hàng
2026-07-10 07:00:00,53.4,LPB,Ngân hàng
2026-07-17 07:00:00,52.9,LPB,Ngân hàng
2026-07-24 07:00:00,52.4,LPB,Ngân hàng
2026-07-31 07:00:00,51.8,LPB,Ngân hàng
2026-08-07 07:00:00,52.9,LPB,Ngân hàng
2026-08-13 07:00:00,53.8,LPB,Ngân hàng
2025-08-01 07:00:00,16.31,MBB,Ngân hàng
2025-08-08 07:00:00,18.35,MBB,Ngân hàng
2025-08-15 07:00:00,22.63,MBB,Ngân hàng
2025-08-22 07:00:00,21.55,MBB,Ngân hàng
2025-08-29 07:00:00,22.23,MBB,Ngân hàng
2025-09-05 07:00:00,21.95,MBB,Ngân hàng
2025-09-12 07:00:00,21.3,MBB,Ngân hàng
2025-09-19 07:00:00,21.34,MBB,Ngân hàng
2025-09-26 07:00:00,21.02,MBB,Ngân hàng
2025-10-03 07:00:00,21.26,MBB,Ngân hàng
2025-10-10 07:00:00,21.99,MBB,Ngân hàng
2025-10-17 07:00:00,21.71,MBB,Ngân hàng
2025-10-24 07:00:00,19.54,MBB,Ngân hàng
2025-10-31 07:00:00,18.9,MBB,Ngân hàng
2025-11-07 07:00:00,18.66,MBB,Ngân hàng
2025-11-14 07:00:00,18.82,MBB,Ngân hàng
2025-11-21 07:00:00,18.58,MBB,Ngân hàng
2025-11-28 07:00:00,18.62,MBB,Ngân hàng
2025-12-05 07:00:00,20.14,MBB,Ngân hàng
2025-12-12 07:00:00,19.22,MBB,Ngân hàng
2025-12-19 07:00:00,19.78,MBB,Ngân hàng
2025-12-26 07:00:00,19.9,MBB,Ngân hàng
2025-12-31 07:00:00,20.26,MBB,Ngân hàng
2026-01-09 07:00:00,21.87,MBB,Ngân hàng
2026-01-16 07:00:00,21.67,MBB,Ngân hàng
2026-01-23 07:00:00,21.59,MBB,Ngân hàng
2026-01-30 07:00:00,21.79,MBB,Ngân hàng
2026-02-06 07:00:00,21.91,MBB,Ngân hàng
2026-02-13 07:00:00,22.67,MBB,Ngân hàng
2026-02-27 07:00:00,22.83,MBB,Ngân hàng
2026-03-06 07:00:00,21.38,MBB,Ngân hàng
2026-03-13 07:00:00,20.94,MBB,Ngân hàng
2026-03-20 07:00:00,20.78,MBB,Ngân hàng
2026-03-27 07:00:00,20.94,MBB,Ngân hàng
2026-04-03 07:00:00,20.78,MBB,Ngân hàng
2026-04-10 07:00:00,21.38,MBB,Ngân hàng
2026-04-17 07:00:00,21.18,MBB,Ngân hàng
2026-04-24 07:00:00,20.98,MBB,Ngân hàng
2026-04-29 07:00:00,20.86,MBB,Ngân hàng
2026-05-08 07:00:00,20.94,MBB,Ngân hàng
2026-05-15 07:00:00,20.54,MBB,Ngân hàng
2026-05-22 07:00:00,19.74,MBB,Ngân hàng
2026-05-29 07:00:00,20.02,MBB,Ngân hàng
2026-06-05 07:00:00,20.02,MBB,Ngân hàng
2026-06-12 07:00:00,19.9,MBB,Ngân hàng
2026-06-19 07:00:00,20.02,MBB,Ngân hàng
2026-06-26 07:00:00,19.82,MBB,Ngân hàng
2026-07-03 07:00:00,20.5,MBB,Ngân hàng
2026-07-10 07:00:00,20.53,MBB,Ngân hàng
2026-07-17 07:00:00,19.78,MBB,Ngân hàng
2026-07-24 07:00:00,18.24,MBB,Ngân hàng
2026-07-31 07:00:00,18.74,MBB,Ngân hàng
2026-08-07 07:00:00,20.12,MBB,Ngân hàng
2026-08-13 07:00:00,20.15,MBB,Ngân hàng
2025-08-01 07:00:00,15.19,SHB,Ngân hàng
2025-08-08 07:00:00,16.28,SHB,Ngân hàng
2025-08-15 07:00:00,18.2,SHB,Ngân hàng
2025-08-22 07:00:00,17.02,SHB,Ngân hàng
2025-08-29 07:00:00,18.55,SHB,Ngân hàng
2025-09-05 07:00:00,17.76,SHB,Ngân hàng
2025-09-12 07:00:00,17.31,SHB,Ngân hàng
2025-09-19 07:00:00,17.51,SHB,Ngân hàng
2025-09-26 07:00:00,16.97,SHB,Ngân hàng
2025-10-03 07:00:00,16.48,SHB,Ngân hàng
2025-10-10 07:00:00,17.76,SHB,Ngân hàng
2025-10-17 07:00:00,17.86,SHB,Ngân hàng
2025-10-24 07:00:00,16.08,SHB,Ngân hàng
2025-10-31 07:00:00,16.23,SHB,Ngân hàng
2025-11-07 07:00:00,15.09,SHB,Ngân hàng
2025-11-14 07:00:00,16.13,SHB,Ngân hàng
2025-11-21 07:00:00,16.43,SHB,Ngân hàng
2025-11-28 07:00:00,16.57,SHB,Ngân hàng
2025-12-05 07:00:00,16.52,SHB,Ngân hàng
2025-12-12 07:00:00,15.78,SHB,Ngân hàng
2025-12-19 07:00:00,15.93,SHB,Ngân hàng
2025-12-26 07:00:00,16.13,SHB,Ngân hàng
2025-12-31 07:00:00,16.13,SHB,Ngân hàng
2026-01-09 07:00:00,16.28,SHB,Ngân hàng
2026-01-16 07:00:00,16.13,SHB,Ngân hàng
2026-01-23 07:00:00,16.08,SHB,Ngân hàng
2026-01-30 07:00:00,15.78,SHB,Ngân hàng
2026-02-06 07:00:00,15.14,SHB,Ngân hàng
2026-02-13 07:00:00,15.24,SHB,Ngân hàng
2026-02-27 07:00:00,15.74,SHB,Ngân hàng
2026-03-06 07:00:00,15.19,SHB,Ngân hàng
2026-03-13 07:00:00,14.75,SHB,Ngân hàng
2026-03-20 07:00:00,14.7,SHB,Ngân hàng
2026-03-27 07:00:00,15.19,SHB,Ngân hàng
2026-04-03 07:00:00,14.9,SHB,Ngân hàng
2026-04-10 07:00:00,15.4,SHB,Ngân hàng
2026-04-17 07:00:00,15.3,SHB,Ngân hàng
2026-04-24 07:00:00,14.75,SHB,Ngân hàng
2026-04-29 07:00:00,14.55,SHB,Ngân hàng
2026-05-08 07:00:00,14.25,SHB,Ngân hàng
2026-05-15 07:00:00,13.9,SHB,Ngân hàng
2026-05-22 07:00:00,13.55,SHB,Ngân hàng
2026-05-29 07:00:00,13.8,SHB,Ngân hàng
2026-06-05 07:00:00,14.0,SHB,Ngân hàng
2026-06-12 07:00:00,13.8,SHB,Ngân hàng
2026-06-19 07:00:00,13.75,SHB,Ngân hàng
2026-06-26 07:00:00,13.65,SHB,Ngân hàng
2026-07-03 07:00:00,13.65,SHB,Ngân hàng
2026-07-10 07:00:00,13.15,SHB,Ngân hàng
2026-07-17 07:00:00,12.65,SHB,Ngân hàng
2026-07-24 07:00:00,11.8,SHB,Ngân hàng
2026-07-31 07:00:00,11.5,SHB,Ngân hàng
2026-08-07 07:00:00,11.7,SHB,Ngân hàng
2026-08-13 07:00:00,11.8,SHB,Ngân hàng
2025-08-01 07:00:00,49.4,STB,Ngân hàng
2025-08-08 07:00:00,54.0,STB,Ngân hàng
2025-08-15 07:00:00,53.9,STB,Ngân hàng
2025-08-22 07:00:00,55.5,STB,Ngân hàng
2025-08-29 07:00:00,55.6,STB,Ngân hàng
2025-09-05 07:00:00,56.0,STB,Ngân hàng
2025-09-12 07:00:00,55.4,STB,Ngân hàng
2025-09-19 07:00:00,55.2,STB,Ngân hàng
2025-09-26 07:00:00,56.5,STB,Ngân hàng
2025-10-03 07:00:00,57.0,STB,Ngân hàng
2025-10-10 07:00:00,60.4,STB,Ngân hàng
2025-10-17 07:00:00,59.0,STB,Ngân hàng
2025-10-24 07:00:00,54.5,STB,Ngân hàng
2025-10-31 07:00:00,55.5,STB,Ngân hàng
2025-11-07 07:00:00,48.35,STB,Ngân hàng
2025-11-14 07:00:00,48.05,STB,Ngân hàng
2025-11-21 07:00:00,51.3,STB,Ngân hàng
2025-11-28 07:00:00,48.6,STB,Ngân hàng
2025-12-05 07:00:00,49.2,STB,Ngân hàng
2025-12-12 07:00:00,46.0,STB,Ngân hàng
2025-12-19 07:00:00,49.0,STB,Ngân hàng
2025-12-26 07:00:00,57.5,STB,Ngân hàng
2025-12-31 07:00:00,58.0,STB,Ngân hàng
2026-01-09 07:00:00,51.8,STB,Ngân hàng
2026-01-16 07:00:00,58.4,STB,Ngân hàng
2026-01-23 07:00:00,62.6,STB,Ngân hàng
2026-01-30 07:00:00,63.0,STB,Ngân hàng
2026-02-06 07:00:00,61.5,STB,Ngân hàng
2026-02-13 07:00:00,62.6,STB,Ngân hàng
2026-02-27 07:00:00,65.5,STB,Ngân hàng
2026-03-06 07:00:00,63.8,STB,Ngân hàng
2026-03-13 07:00:00,65.8,STB,Ngân hàng
2026-03-20 07:00:00,63.4,STB,Ngân hàng
2026-03-27 07:00:00,59.9,STB,Ngân hàng
2026-04-03 07:00:00,60.8,STB,Ngân hàng
2026-04-10 07:00:00,66.9,STB,Ngân hàng
2026-04-17 07:00:00,64.0,STB,Ngân hàng
2026-04-24 07:00:00,64.9,STB,Ngân hàng
2026-04-29 07:00:00,67.5,STB,Ngân hàng
2026-05-08 07:00:00,73.5,STB,Ngân hàng
2026-05-15 07:00:00,72.9,STB,Ngân hàng
2026-05-22 07:00:00,71.2,STB,Ngân hàng
2026-05-29 07:00:00,68.0,STB,Ngân hàng
2026-06-05 07:00:00,69.8,STB,Ngân hàng
2026-06-12 07:00:00,70.9,STB,Ngân hàng
2026-06-19 07:00:00,72.3,STB,Ngân hàng
2026-06-26 07:00:00,73.7,STB,Ngân hàng
2026-07-03 07:00:00,72.0,STB,Ngân hàng
2026-07-10 07:00:00,70.1,STB,Ngân hàng
2026-07-17 07:00:00,73.5,STB,Ngân hàng
2026-07-24 07:00:00,73.5,STB,Ngân hàng
2026-07-31 07:00:00,71.3,STB,Ngân hàng
2026-08-07 07:00:00,74.6,STB,Ngân hàng
2026-08-13 07:00:00,73.1,STB,Ngân hàng
2025-08-01 07:00:00,21.5,SHS,CK
2025-08-08 07:00:00,23.4,SHS,CK
2025-08-15 07:00:00,25.3,SHS,CK
2025-08-22 07:00:00,25.1,SHS,CK
2025-08-29 07:00:00,29.2,SHS,CK
2025-09-05 07:00:00,27.0,SHS,CK
2025-09-12 07:00:00,26.0,SHS,CK
2025-09-19 07:00:00,25.1,SHS,CK
2025-09-26 07:00:00,24.7,SHS,CK
2025-10-03 07:00:00,24.3,SHS,CK
2025-10-10 07:00:00,26.5,SHS,CK
2025-10-17 07:00:00,27.4,SHS,CK
2025-10-24 07:00:00,23.1,SHS,CK
2025-10-31 07:00:00,23.0,SHS,CK
2025-11-07 07:00:00,21.4,SHS,CK
2025-11-14 07:00:00,22.6,SHS,CK
2025-11-21 07:00:00,21.6,SHS,CK
2025-11-28 07:00:00,21.0,SHS,CK
2025-12-05 07:00:00,21.6,SHS,CK
2025-12-12 07:00:00,20.3,SHS,CK
2025-12-19 07:00:00,21.3,SHS,CK
2025-12-26 07:00:00,21.1,SHS,CK
2025-12-31 07:00:00,20.6,SHS,CK
2026-01-09 07:00:00,18.8,SHS,CK
2026-01-16 07:00:00,20.2,SHS,CK
2026-01-23 07:00:00,19.5,SHS,CK
2026-01-30 07:00:00,18.7,SHS,CK
2026-02-06 07:00:00,17.9,SHS,CK
2026-02-13 07:00:00,18.5,SHS,CK
2026-02-27 07:00:00,18.9,SHS,CK
2026-03-06 07:00:00,18.4,SHS,CK
2026-03-13 07:00:00,16.4,SHS,CK
2026-03-20 07:00:00,16.0,SHS,CK
2026-03-27 07:00:00,17.1,SHS,CK
2026-04-03 07:00:00,16.9,SHS,CK
2026-04-10 07:00:00,17.9,SHS,CK
2026-04-17 07:00:00,18.1,SHS,CK
2026-04-24 07:00:00,16.9,SHS,CK
2026-04-29 07:00:00,16.9,SHS,CK
2026-05-08 07:00:00,17.4,SHS,CK
2026-05-15 07:00:00,17.7,SHS,CK
2026-05-22 07:00:00,17.7,SHS,CK
2026-05-29 07:00:00,18.0,SHS,CK
2026-06-05 07:00:00,18.0,SHS,CK
2026-06-12 07:00:00,18.2,SHS,CK
2026-06-19 07:00:00,18.8,SHS,CK
2026-06-26 07:00:00,18.2,SHS,CK
2026-07-03 07:00:00,19.3,SHS,CK
2026-07-10 07:00:00,18.5,SHS,CK
2026-07-17 07:00:00,16.4,SHS,CK
2026-07-24 07:00:00,15.2,SHS,CK
2026-07-31 07:00:00,15.2,SHS,CK
2026-08-07 07:00:00,15.6,SHS,CK
2026-08-13 07:00:00,15.8,SHS,CK
2025-08-01 07:00:00,32.23,VCI,CK
2025-08-08 07:00:00,32.99,VCI,CK
2025-08-15 07:00:00,32.85,VCI,CK
2025-08-22 07:00:00,31.4,VCI,CK
2025-08-29 07:00:00,34.99,VCI,CK
2025-09-05 07:00:00,33.35,VCI,CK
2025-09-12 07:00:00,32.12,VCI,CK
2025-09-19 07:00:00,30.89,VCI,CK
2025-09-26 07:00:00,31.18,VCI,CK
2025-10-03 07:00:00,30.16,VCI,CK
2025-10-10 07:00:00,31.58,VCI,CK
2025-10-17 07:00:00,30.42,VCI,CK
2025-10-24 07:00:00,27.12,VCI,CK
2025-10-31 07:00:00,26.9,VCI,CK
2025-11-07 07:00:00,26.1,VCI,CK
2025-11-14 07:00:00,25.92,VCI,CK
2025-11-21 07:00:00,24.91,VCI,CK
2025-11-28 07:00:00,24.47,VCI,CK
2025-12-05 07:00:00,24.98,VCI,CK
2025-12-12 07:00:00,23.71,VCI,CK
2025-12-19 07:00:00,25.2,VCI,CK
2025-12-26 07:00:00,25.81,VCI,CK
2025-12-31 07:00:00,25.6,VCI,CK
2026-01-09 07:00:00,24.68,VCI,CK
2026-01-16 07:00:00,25.53,VCI,CK
2026-01-23 07:00:00,26.41,VCI,CK
2026-01-30 07:00:00,26.96,VCI,CK
2026-02-06 07:00:00,25.2,VCI,CK
2026-02-13 07:00:00,26.85,VCI,CK
2026-02-27 07:00:00,28.32,VCI,CK
2026-03-06 07:00:00,27.96,VCI,CK
2026-03-13 07:00:00,27.18,VCI,CK
2026-03-20 07:00:00,26.26,VCI,CK
2026-03-27 07:00:00,26.7,VCI,CK
2026-04-03 07:00:00,26.5,VCI,CK
2026-04-10 07:00:00,27.9,VCI,CK
2026-04-17 07:00:00,27.3,VCI,CK
2026-04-24 07:00:00,27.0,VCI,CK
2026-04-29 07:00:00,26.2,VCI,CK
2026-05-08 07:00:00,25.95,VCI,CK
2026-05-15 07:00:00,25.6,VCI,CK
2026-05-22 07:00:00,25.0,VCI,CK
2026-05-29 07:00:00,24.65,VCI,CK
2026-06-05 07:00:00,24.15,VCI,CK
2026-06-12 07:00:00,23.6,VCI,CK
2026-06-19 07:00:00,24.6,VCI,CK
2026-06-26 07:00:00,24.05,VCI,CK
2026-07-03 07:00:00,25.1,VCI,CK
2026-07-10 07:00:00,24.45,VCI,CK
2026-07-17 07:00:00,21.25,VCI,CK
2026-07-24 07:00:00,19.8,VCI,CK
2026-07-31 07:00:00,21.3,VCI,CK
2026-08-07 07:00:00,21.75,VCI,CK
2026-08-13 07:00:00,21.6,VCI,CK
2025-08-01 07:00:00,22.2,VIX,CK
2025-08-08 07:00:00,24.05,VIX,CK
2025-08-15 07:00:00,29.28,VIX,CK
2025-08-22 07:00:00,29.12,VIX,CK
2025-08-29 07:00:00,31.82,VIX,CK
2025-09-05 07:00:00,30.38,VIX,CK
2025-09-12 07:00:00,29.54,VIX,CK
2025-09-19 07:00:00,29.7,VIX,CK
2025-09-26 07:00:00,30.38,VIX,CK
2025-10-03 07:00:00,29.96,VIX,CK
2025-10-10 07:00:00,31.77,VIX,CK
2025-10-17 07:00:00,32.41,VIX,CK
2025-10-24 07:00:00,26.12,VIX,CK
2025-10-31 07:00:00,23.63,VIX,CK
2025-11-07 07:00:00,20.68,VIX,CK
2025-11-14 07:00:00,21.77,VIX,CK
2025-11-21 07:00:00,19.66,VIX,CK
2025-11-28 07:00:00,20.68,VIX,CK
2025-12-05 07:00:00,20.59,VIX,CK
2025-12-12 07:00:00,18.4,VIX,CK
2025-12-19 07:00:00,18.82,VIX,CK
2025-12-26 07:00:00,19.24,VIX,CK
2025-12-31 07:00:00,18.99,VIX,CK
2026-01-09 07:00:00,18.06,VIX,CK
2026-01-16 07:00:00,20.84,VIX,CK
2026-01-23 07:00:00,20.51,VIX,CK
2026-01-30 07:00:00,19.07,VIX,CK
2026-02-06 07:00:00,17.89,VIX,CK
2026-02-13 07:00:00,19.03,VIX,CK
2026-02-27 07:00:00,18.99,VIX,CK
2026-03-06 07:00:00,17.65,VIX,CK
2026-03-13 07:00:00,16.45,VIX,CK
2026-03-20 07:00:00,16.25,VIX,CK
2026-03-27 07:00:00,16.75,VIX,CK
2026-04-03 07:00:00,16.2,VIX,CK
2026-04-10 07:00:00,18.05,VIX,CK
2026-04-17 07:00:00,17.5,VIX,CK
2026-04-24 07:00:00,16.6,VIX,CK
2026-04-29 07:00:00,16.7,VIX,CK
2026-05-08 07:00:00,18.6,VIX,CK
2026-05-15 07:00:00,18.75,VIX,CK
2026-05-22 07:00:00,18.55,VIX,CK
2026-05-29 07:00:00,17.7,VIX,CK
2026-06-05 07:00:00,17.75,VIX,CK
2026-06-12 07:00:00,17.05,VIX,CK
2026-06-19 07:00:00,17.45,VIX,CK
2026-06-26 07:00:00,16.85,VIX,CK
2026-07-03 07:00:00,17.05,VIX,CK
2026-07-10 07:00:00,15.45,VIX,CK
2026-07-17 07:00:00,13.75,VIX,CK
2026-07-24 07:00:00,12.45,VIX,CK
2026-07-31 07:00:00,13.0,VIX,CK
2026-08-07 07:00:00,13.6,VIX,CK
2026-08-13 07:00:00,13.9,VIX,CK
2025-08-01 07:00:00,21.58,VND,CK
2025-08-08 07:00:00,23.18,VND,CK
2025-08-15 07:00:00,24.01,VND,CK
2025-08-22 07:00:00,21.82,VND,CK
2025-08-29 07:00:00,25.61,VND,CK
2025-09-05 07:00:00,24.3,VND,CK
2025-09-12 07:00:00,23.23,VND,CK
2025-09-19 07:00:00,22.06,VND,CK
2025-09-26 07:00:00,21.67,VND,CK
2025-10-03 07:00:00,21.38,VND,CK
2025-10-10 07:00:00,22.99,VND,CK
2025-10-17 07:00:00,22.89,VND,CK
2025-10-24 07:00:00,19.63,VND,CK
2025-10-31 07:00:00,19.49,VND,CK
2025-11-07 07:00:00,18.37,VND,CK
2025-11-14 07:00:00,19.1,VND,CK
2025-11-21 07:00:00,18.56,VND,CK
2025-11-28 07:00:00,17.88,VND,CK
2025-12-05 07:00:00,18.47,VND,CK
2025-12-12 07:00:00,17.01,VND,CK
2025-12-19 07:00:00,19.29,VND,CK
2025-12-26 07:00:00,19.44,VND,CK
2025-12-31 07:00:00,18.9,VND,CK
2026-01-09 07:00:00,18.76,VND,CK
2026-01-16 07:00:00,19.92,VND,CK
2026-01-23 07:00:00,18.86,VND,CK
2026-01-30 07:00:00,17.98,VND,CK
2026-02-06 07:00:00,17.15,VND,CK
2026-02-13 07:00:00,18.08,VND,CK
2026-02-27 07:00:00,18.18,VND,CK
2026-03-06 07:00:00,17.64,VND,CK
2026-03-13 07:00:00,15.79,VND,CK
2026-03-20 07:00:00,14.92,VND,CK
2026-03-27 07:00:00,15.4,VND,CK
2026-04-03 07:00:00,15.21,VND,CK
2026-04-10 07:00:00,16.28,VND,CK
2026-04-17 07:00:00,16.08,VND,CK
2026-04-24 07:00:00,15.74,VND,CK
2026-04-29 07:00:00,15.65,VND,CK
2026-05-08 07:00:00,15.99,VND,CK
2026-05-15 07:00:00,15.99,VND,CK
2026-05-22 07:00:00,16.96,VND,CK
2026-05-29 07:00:00,16.85,VND,CK
2026-06-05 07:00:00,17.6,VND,CK
2026-06-12 07:00:00,17.1,VND,CK
2026-06-19 07:00:00,17.7,VND,CK
2026-06-26 07:00:00,17.6,VND,CK
2026-07-03 07:00:00,18.4,VND,CK
2026-07-10 07:00:00,18.0,VND,CK
2026-07-17 07:00:00,17.85,VND,CK
2026-07-24 07:00:00,16.5,VND,CK
2026-07-31 07:00:00,16.6,VND,CK
2026-08-07 07:00:00,16.65,VND,CK
2026-08-13 07:00:00,16.55,VND,CK
2025-08-01 07:00:00,12.85,SMC,Thép
2025-08-08 07:00:00,13.25,SMC,Thép
2025-08-15 07:00:00,12.65,SMC,Thép
2025-08-22 07:00:00,11.8,SMC,Thép
2025-08-29 07:00:00,12.6,SMC,Thép
2025-09-05 07:00:00,12.5,SMC,Thép
2025-09-12 07:00:00,12.8,SMC,Thép
2025-09-19 07:00:00,16.15,SMC,Thép
2025-09-26 07:00:00,16.1,SMC,Thép
2025-10-03 07:00:00,13.05,SMC,Thép
2025-10-10 07:00:00,12.9,SMC,Thép
2025-10-17 07:00:00,11.75,SMC,Thép
2025-10-24 07:00:00,10.55,SMC,Thép
2025-10-31 07:00:00,12.2,SMC,Thép
2025-11-07 07:00:00,13.0,SMC,Thép
2025-11-14 07:00:00,13.25,SMC,Thép
2025-11-21 07:00:00,13.65,SMC,Thép
2025-11-28 07:00:00,12.55,SMC,Thép
2025-12-05 07:00:00,13.95,SMC,Thép
2025-12-12 07:00:00,12.95,SMC,Thép
2025-12-19 07:00:00,13.75,SMC,Thép
2025-12-26 07:00:00,13.45,SMC,Thép
2025-12-31 07:00:00,13.15,SMC,Thép
2026-01-09 07:00:00,13.4,SMC,Thép
2026-01-16 07:00:00,13.8,SMC,Thép
2026-01-23 07:00:00,13.65,SMC,Thép
2026-01-30 07:00:00,14.45,SMC,Thép
2026-02-06 07:00:00,12.8,SMC,Thép
2026-02-13 07:00:00,12.35,SMC,Thép
2026-02-27 07:00:00,12.15,SMC,Thép
2026-03-06 07:00:00,11.25,SMC,Thép
2026-03-13 07:00:00,10.9,SMC,Thép
2026-03-20 07:00:00,10.95,SMC,Thép
2026-03-27 07:00:00,11.2,SMC,Thép
2026-04-03 07:00:00,12.6,SMC,Thép
2026-04-10 07:00:00,13.35,SMC,Thép
2026-04-17 07:00:00,13.25,SMC,Thép
2026-04-24 07:00:00,13.0,SMC,Thép
2026-04-29 07:00:00,12.7,SMC,Thép
2026-05-08 07:00:00,12.15,SMC,Thép
2026-05-15 07:00:00,11.7,SMC,Thép
2026-05-22 07:00:00,11.6,SMC,Thép
2026-05-29 07:00:00,11.15,SMC,Thép
2026-06-05 07:00:00,10.75,SMC,Thép
2026-06-12 07:00:00,10.7,SMC,Thép
2026-06-19 07:00:00,10.6,SMC,Thép
2026-06-26 07:00:00,10.65,SMC,Thép
2026-07-03 07:00:00,10.6,SMC,Thép
2026-07-10 07:00:00,10.3,SMC,Thép
2026-07-17 07:00:00,9.9,SMC,Thép
2026-07-24 07:00:00,10.15,SMC,Thép
2026-07-31 07:00:00,11.0,SMC,Thép
2026-08-07 07:00:00,10.75,SMC,Thép
2026-08-13 07:00:00,10.2,SMC,Thép
2025-08-01 07:00:00,4.65,TDH,BDS
2025-08-08 07:00:00,5.45,TDH,BDS
2025-08-15 07:00:00,4.94,TDH,BDS
2025-08-22 07:00:00,4.7,TDH,BDS
2025-08-29 07:00:00,4.66,TDH,BDS
2025-09-05 07:00:00,4.6,TDH,BDS
2025-09-12 07:00:00,4.61,TDH,BDS
2025-09-19 07:00:00,4.89,TDH,BDS
2025-09-26 07:00:00,5.7,TDH,BDS
2025-10-03 07:00:00,5.0,TDH,BDS
2025-10-10 07:00:00,4.87,TDH,BDS
2025-10-17 07:00:00,4.92,TDH,BDS
2025-10-24 07:00:00,4.9,TDH,BDS
2025-10-31 07:00:00,5.19,TDH,BDS
2025-11-07 07:00:00,4.76,TDH,BDS
2025-11-14 07:00:00,4.73,TDH,BDS
2025-11-21 07:00:00,4.86,TDH,BDS
2025-11-28 07:00:00,4.78,TDH,BDS
2025-12-05 07:00:00,4.73,TDH,BDS
2025-12-12 07:00:00,4.43,TDH,BDS
2025-12-19 07:00:00,4.45,TDH,BDS
2025-12-26 07:00:00,4.38,TDH,BDS
2025-12-31 07:00:00,4.37,TDH,BDS
2026-01-09 07:00:00,4.2,TDH,BDS
2026-01-16 07:00:00,4.17,TDH,BDS
2026-01-23 07:00:00,4.11,TDH,BDS
2026-01-30 07:00:00,4.27,TDH,BDS
2026-02-06 07:00:00,4.07,TDH,BDS
2026-02-13 07:00:00,4.04,TDH,BDS
2026-02-27 07:00:00,3.96,TDH,BDS
2026-03-06 07:00:00,3.72,TDH,BDS
2026-03-13 07:00:00,3.56,TDH,BDS
2026-03-20 07:00:00,3.54,TDH,BDS
2026-03-27 07:00:00,3.8,TDH,BDS
2026-04-03 07:00:00,3.64,TDH,BDS
2026-04-10 07:00:00,3.69,TDH,BDS
2026-04-17 07:00:00,3.73,TDH,BDS
2026-04-24 07:00:00,4.55,TDH,BDS
2026-04-29 07:00:00,4.51,TDH,BDS
2026-05-08 07:00:00,4.11,TDH,BDS
2026-05-15 07:00:00,3.87,TDH,BDS
2026-05-22 07:00:00,3.84,TDH,BDS
2026-05-29 07:00:00,3.71,TDH,BDS
2026-06-05 07:00:00,3.73,TDH,BDS
2026-06-12 07:00:00,3.79,TDH,BDS
2026-06-19 07:00:00,3.79,TDH,BDS
2026-06-26 07:00:00,3.68,TDH,BDS
2026-07-03 07:00:00,3.65,TDH,BDS
2026-07-10 07:00:00,3.64,TDH,BDS
2026-07-17 07:00:00,3.41,TDH,BDS
2026-07-24 07:00:00,3.27,TDH,BDS
2026-07-31 07:00:00,3.18,TDH,BDS
2026-08-07 07:00:00,3.37,TDH,BDS
2026-08-13 07:00:00,3.35,TDH,BDS
2025-08-01 07:00:00,37.9,D2D,BDS KCN
2025-08-08 07:00:00,39.45,D2D,BDS KCN
2025-08-15 07:00:00,38.1,D2D,BDS KCN
2025-08-22 07:00:00,36.0,D2D,BDS KCN
2025-08-29 07:00:00,37.4,D2D,BDS KCN
2025-09-05 07:00:00,37.0,D2D,BDS KCN
2025-09-12 07:00:00,37.3,D2D,BDS KCN
2025-09-19 07:00:00,36.55,D2D,BDS KCN
2025-09-26 07:00:00,36.4,D2D,BDS KCN
2025-10-03 07:00:00,36.2,D2D,BDS KCN
2025-10-10 07:00:00,37.0,D2D,BDS KCN
2025-10-17 07:00:00,36.15,D2D,BDS KCN
2025-10-24 07:00:00,35.05,D2D,BDS KCN
2025-10-31 07:00:00,36.35,D2D,BDS KCN
2025-11-07 07:00:00,34.6,D2D,BDS KCN
2025-11-14 07:00:00,36.0,D2D,BDS KCN
2025-11-21 07:00:00,35.8,D2D,BDS KCN
2025-11-28 07:00:00,35.45,D2D,BDS KCN
2025-12-05 07:00:00,35.4,D2D,BDS KCN
2025-12-12 07:00:00,35.0,D2D,BDS KCN
2025-12-19 07:00:00,34.6,D2D,BDS KCN
2025-12-26 07:00:00,34.6,D2D,BDS KCN
2025-12-31 07:00:00,35.2,D2D,BDS KCN
2026-01-09 07:00:00,34.8,D2D,BDS KCN
2026-01-16 07:00:00,36.5,D2D,BDS KCN
2026-01-23 07:00:00,35.8,D2D,BDS KCN
2026-01-30 07:00:00,35.8,D2D,BDS KCN
2026-02-06 07:00:00,35.75,D2D,BDS KCN
2026-02-13 07:00:00,35.95,D2D,BDS KCN
2026-02-27 07:00:00,36.65,D2D,BDS KCN
2026-03-06 07:00:00,36.85,D2D,BDS KCN
2026-03-13 07:00:00,36.8,D2D,BDS KCN
2026-03-20 07:00:00,36.5,D2D,BDS KCN
2026-03-27 07:00:00,38.0,D2D,BDS KCN
2026-04-03 07:00:00,36.4,D2D,BDS KCN
2026-04-10 07:00:00,36.45,D2D,BDS KCN
2026-04-17 07:00:00,36.4,D2D,BDS KCN
2026-04-24 07:00:00,34.55,D2D,BDS KCN
2026-04-29 07:00:00,34.9,D2D,BDS KCN
2026-05-08 07:00:00,34.8,D2D,BDS KCN
2026-05-15 07:00:00,33.95,D2D,BDS KCN
2026-05-22 07:00:00,33.25,D2D,BDS KCN
2026-05-29 07:00:00,31.4,D2D,BDS KCN
2026-06-05 07:00:00,32.1,D2D,BDS KCN
2026-06-12 07:00:00,32.3,D2D,BDS KCN
2026-06-19 07:00:00,31.05,D2D,BDS KCN
2026-06-26 07:00:00,31.05,D2D,BDS KCN
2026-07-03 07:00:00,31.1,D2D,BDS KCN
2026-07-10 07:00:00,30.05,D2D,BDS KCN
2026-07-17 07:00:00,29.25,D2D,BDS KCN
2026-07-24 07:00:00,26.1,D2D,BDS KCN
2026-07-31 07:00:00,27.0,D2D,BDS KCN
2026-08-07 07:00:00,27.0,D2D,BDS KCN
2026-08-13 07:00:00,28.35,D2D,BDS KCN
2025-08-01 07:00:00,9.9,C69,Xây dựng
2025-08-08 07:00:00,9.6,C69,Xây dựng
2025-08-15 07:00:00,10.3,C69,Xây dựng
2025-08-22 07:00:00,9.1,C69,Xây dựng
2025-08-29 07:00:00,9.7,C69,Xây dựng
2025-09-05 07:00:00,10.9,C69,Xây dựng
2025-09-12 07:00:00,12.3,C69,Xây dựng
2025-09-19 07:00:00,12.3,C69,Xây dựng
2025-09-26 07:00:00,12.9,C69,Xây dựng
2025-10-03 07:00:00,12.5,C69,Xây dựng
2025-10-10 07:00:00,13.4,C69,Xây dựng
2025-10-17 07:00:00,12.7,C69,Xây dựng
2025-10-24 07:00:00,12.1,C69,Xây dựng
2025-10-31 07:00:00,12.1,C69,Xây dựng
2025-11-07 07:00:00,11.7,C69,Xây dựng
2025-11-14 07:00:00,12.3,C69,Xây dựng
2025-11-21 07:00:00,12.5,C69,Xây dựng
2025-11-28 07:00:00,14.1,C69,Xây dựng
2025-12-05 07:00:00,13.2,C69,Xây dựng
2025-12-12 07:00:00,12.5,C69,Xây dựng
2025-12-19 07:00:00,13.0,C69,Xây dựng
2025-12-26 07:00:00,12.7,C69,Xây dựng
2025-12-31 07:00:00,12.6,C69,Xây dựng
2026-01-09 07:00:00,14.2,C69,Xây dựng
2026-01-16 07:00:00,16.0,C69,Xây dựng
2026-01-23 07:00:00,17.8,C69,Xây dựng
2026-01-30 07:00:00,17.7,C69,Xây dựng
2026-02-06 07:00:00,17.0,C69,Xây dựng
2026-02-13 07:00:00,17.0,C69,Xây dựng
2026-02-27 07:00:00,16.6,C69,Xây dựng
2026-03-06 07:00:00,16.3,C69,Xây dựng
2026-03-13 07:00:00,16.0,C69,Xây dựng
2026-03-20 07:00:00,15.9,C69,Xây dựng
2026-03-27 07:00:00,15.9,C69,Xây dựng
2026-04-03 07:00:00,15.9,C69,Xây dựng
2026-04-10 07:00:00,16.2,C69,Xây dựng
2026-04-17 07:00:00,16.2,C69,Xây dựng
2026-04-24 07:00:00,15.8,C69,Xây dựng
2026-04-29 07:00:00,16.0,C69,Xây dựng
2026-05-08 07:00:00,16.5,C69,Xây dựng
2026-05-15 07:00:00,15.9,C69,Xây dựng
2026-05-22 07:00:00,18.1,C69,Xây dựng
2026-05-29 07:00:00,18.1,C69,Xây dựng
2026-06-05 07:00:00,18.9,C69,Xây dựng
2026-06-12 07:00:00,16.8,C69,Xây dựng
2026-06-19 07:00:00,18.0,C69,Xây dựng
2026-06-26 07:00:00,18.3,C69,Xây dựng
2026-07-03 07:00:00,19.6,C69,Xây dựng
2026-07-10 07:00:00,19.4,C69,Xây dựng
2026-07-17 07:00:00,19.7,C69,Xây dựng
2026-07-24 07:00:00,18.4,C69,Xây dựng
2026-07-31 07:00:00,17.4,C69,Xây dựng
2026-08-07 07:00:00,16.2,C69,Xây dựng
2026-08-13 07:00:00,17.1,C69,Xây dựng
2025-08-01 07:00:00,4.0,C92,Xây dựng
2025-08-08 07:00:00,4.0,C92,Xây dựng
2025-08-15 07:00:00,4.1,C92,Xây dựng
2025-08-22 07:00:00,4.1,C92,Xây dựng
2025-08-29 07:00:00,4.1,C92,Xây dựng
2025-09-05 07:00:00,4.1,C92,Xây dựng
2025-09-12 07:00:00,4.1,C92,Xây dựng
2025-09-19 07:00:00,4.8,C92,Xây dựng
2025-09-26 07:00:00,4.6,C92,Xây dựng
2025-10-03 07:00:00,4.4,C92,Xây dựng
2025-10-10 07:00:00,4.4,C92,Xây dựng
2025-10-17 07:00:00,4.2,C92,Xây dựng
2025-10-24 07:00:00,4.1,C92,Xây dựng
2025-10-31 07:00:00,4.2,C92,Xây dựng
2025-11-07 07:00:00,4.1,C92,Xây dựng
2025-11-14 07:00:00,4.2,C92,Xây dựng
2025-11-21 07:00:00,4.1,C92,Xây dựng
2025-11-28 07:00:00,4.1,C92,Xây dựng
2025-12-05 07:00:00,4.3,C92,Xây dựng
2025-12-12 07:00:00,4.1,C92,Xây dựng
2025-12-19 07:00:00,3.7,C92,Xây dựng
2025-12-26 07:00:00,4.3,C92,Xây dựng
2025-12-31 07:00:00,4.1,C92,Xây dựng
2026-01-09 07:00:00,4.1,C92,Xây dựng
2026-01-16 07:00:00,4.1,C92,Xây dựng
2026-01-23 07:00:00,4.0,C92,Xây dựng
2026-01-30 07:00:00,4.0,C92,Xây dựng
2026-02-06 07:00:00,4.0,C92,Xây dựng
2026-02-13 07:00:00,4.1,C92,Xây dựng
2026-02-27 07:00:00,4.1,C92,Xây dựng
2026-03-06 07:00:00,4.1,C92,Xây dựng
2026-03-13 07:00:00,4.1,C92,Xây dựng
2026-03-20 07:00:00,4.0,C92,Xây dựng
2026-03-27 07:00:00,4.0,C92,Xây dựng
2026-04-03 07:00:00,4.1,C92,Xây dựng
2026-04-10 07:00:00,4.1,C92,Xây dựng
2026-04-24 07:00:00,4.0,C92,Xây dựng
2026-04-29 07:00:00,4.1,C92,Xây dựng
2026-05-08 07:00:00,4.0,C92,Xây dựng
2026-05-22 07:00:00,4.0,C92,Xây dựng
2026-05-29 07:00:00,4.1,C92,Xây dựng
2026-06-05 07:00:00,3.8,C92,Xây dựng
2026-06-12 07:00:00,3.6,C92,Xây dựng
2026-06-19 07:00:00,3.9,C92,Xây dựng
2026-07-03 07:00:00,3.8,C92,Xây dựng
2026-07-10 07:00:00,3.6,C92,Xây dựng
2026-07-17 07:00:00,3.6,C92,Xây dựng
2026-07-24 07:00:00,3.4,C92,Xây dựng
2026-07-31 07:00:00,3.4,C92,Xây dựng
2026-08-07 07:00:00,3.5,C92,Xây dựng
2026-08-13 07:00:00,3.6,C92,Xây dựng
2025-08-01 07:00:00,43.54,DPG,Xây dựng
2025-08-08 07:00:00,45.11,DPG,Xây dựng
2025-08-15 07:00:00,46.05,DPG,Xây dựng
2025-08-22 07:00:00,41.71,DPG,Xây dựng
2025-08-29 07:00:00,43.39,DPG,Xây dựng
2025-09-05 07:00:00,43.34,DPG,Xây dựng
2025-09-12 07:00:00,43.58,DPG,Xây dựng
2025-09-19 07:00:00,44.92,DPG,Xây dựng
2025-09-26 07:00:00,45.31,DPG,Xây dựng
2025-10-03 07:00:00,44.18,DPG,Xây dựng
2025-10-10 07:00:00,46.79,DPG,Xây dựng
2025-10-17 07:00:00,47.28,DPG,Xây dựng
2025-10-24 07:00:00,43.49,DPG,Xây dựng
2025-10-31 07:00:00,43.14,DPG,Xây dựng
2025-11-07 07:00:00,41.91,DPG,Xây dựng
2025-11-14 07:00:00,43.54,DPG,Xây dựng
2025-11-21 07:00:00,43.83,DPG,Xây dựng
2025-11-28 07:00:00,42.94,DPG,Xây dựng
2025-12-05 07:00:00,42.45,DPG,Xây dựng
2025-12-12 07:00:00,40.58,DPG,Xây dựng
2025-12-19 07:00:00,39.94,DPG,Xây dựng
2025-12-26 07:00:00,37.92,DPG,Xây dựng
2025-12-31 07:00:00,36.94,DPG,Xây dựng
2026-01-09 07:00:00,35.46,DPG,Xây dựng
2026-01-16 07:00:00,41.37,DPG,Xây dựng
2026-01-23 07:00:00,44.28,DPG,Xây dựng
2026-01-30 07:00:00,43.78,DPG,Xây dựng
2026-02-06 07:00:00,42.55,DPG,Xây dựng
2026-02-13 07:00:00,44.37,DPG,Xây dựng
2026-02-27 07:00:00,46.49,DPG,Xây dựng
2026-03-06 07:00:00,42.85,DPG,Xây dựng
2026-03-13 07:00:00,40.24,DPG,Xây dựng
2026-03-20 07:00:00,40.24,DPG,Xây dựng
2026-03-27 07:00:00,40.73,DPG,Xây dựng
2026-04-03 07:00:00,40.63,DPG,Xây dựng
2026-04-10 07:00:00,42.11,DPG,Xây dựng
2026-04-17 07:00:00,41.66,DPG,Xây dựng
2026-04-24 07:00:00,43.58,DPG,Xây dựng
2026-04-29 07:00:00,44.08,DPG,Xây dựng
2026-05-08 07:00:00,42.35,DPG,Xây dựng
2026-05-15 07:00:00,39.5,DPG,Xây dựng
2026-05-22 07:00:00,40.04,DPG,Xây dựng
2026-05-29 07:00:00,39.84,DPG,Xây dựng
2026-06-05 07:00:00,39.94,DPG,Xây dựng
2026-06-12 07:00:00,39.45,DPG,Xây dựng
2026-06-19 07:00:00,39.6,DPG,Xây dựng
2026-06-26 07:00:00,37.2,DPG,Xây dựng
2026-07-03 07:00:00,35.6,DPG,Xây dựng
2026-07-10 07:00:00,33.8,DPG,Xây dựng
2026-07-17 07:00:00,30.1,DPG,Xây dựng
2026-07-24 07:00:00,26.9,DPG,Xây dựng
2026-07-31 07:00:00,27.7,DPG,Xây dựng
2026-08-07 07:00:00,30.0,DPG,Xây dựng
2026-08-13 07:00:00,30.6,DPG,Xây dựng
2025-08-01 07:00:00,58.49,HAH,Vận tải
2025-08-08 07:00:00,55.91,HAH,Vận tải
2025-08-15 07:00:00,59.46,HAH,Vận tải
2025-08-22 07:00:00,54.08,HAH,Vận tải
2025-08-29 07:00:00,53.99,HAH,Vận tải
2025-09-05 07:00:00,56.39,HAH,Vận tải
2025-09-12 07:00:00,54.56,HAH,Vận tải
2025-09-19 07:00:00,53.8,HAH,Vận tải
2025-09-26 07:00:00,52.84,HAH,Vận tải
2025-10-03 07:00:00,51.87,HAH,Vận tải
2025-10-10 07:00:00,52.55,HAH,Vận tải
2025-10-17 07:00:00,53.41,HAH,Vận tải
2025-10-24 07:00:00,56.1,HAH,Vận tải
2025-10-31 07:00:00,58.98,HAH,Vận tải
2025-11-07 07:00:00,58.41,HAH,Vận tải
2025-11-14 07:00:00,62.44,HAH,Vận tải
2025-11-21 07:00:00,62.06,HAH,Vận tải
2025-11-28 07:00:00,58.5,HAH,Vận tải
2025-12-05 07:00:00,57.54,HAH,Vận tải
2025-12-12 07:00:00,53.8,HAH,Vận tải
2025-12-19 07:00:00,55.24,HAH,Vận tải
2025-12-26 07:00:00,57.16,HAH,Vận tải
2025-12-31 07:00:00,56.39,HAH,Vận tải
2026-01-09 07:00:00,54.76,HAH,Vận tải
2026-01-16 07:00:00,55.33,HAH,Vận tải
2026-01-23 07:00:00,55.43,HAH,Vận tải
2026-01-30 07:00:00,54.28,HAH,Vận tải
2026-02-06 07:00:00,55.33,HAH,Vận tải
2026-02-13 07:00:00,56.2,HAH,Vận tải
2026-02-27 07:00:00,60.33,HAH,Vận tải
2026-03-06 07:00:00,60.52,HAH,Vận tải
2026-03-13 07:00:00,54.47,HAH,Vận tải
2026-03-20 07:00:00,51.3,HAH,Vận tải
2026-03-27 07:00:00,53.7,HAH,Vận tải
2026-04-03 07:00:00,52.45,HAH,Vận tải
2026-04-10 07:00:00,53.41,HAH,Vận tải
2026-04-17 07:00:00,52.26,HAH,Vận tải
2026-04-24 07:00:00,53.89,HAH,Vận tải
2026-04-29 07:00:00,52.93,HAH,Vận tải
2026-05-08 07:00:00,54.28,HAH,Vận tải
2026-05-15 07:00:00,55.24,HAH,Vận tải
2026-05-22 07:00:00,52.35,HAH,Vận tải
2026-05-29 07:00:00,52.26,HAH,Vận tải
2026-06-05 07:00:00,51.97,HAH,Vận tải
2026-06-12 07:00:00,51.2,HAH,Vận tải
2026-06-19 07:00:00,51.87,HAH,Vận tải
2026-06-26 07:00:00,50.82,HAH,Vận tải
2026-07-03 07:00:00,49.86,HAH,Vận tải
2026-07-10 07:00:00,49.47,HAH,Vận tải
2026-07-17 07:00:00,46.2,HAH,Vận tải
2026-07-24 07:00:00,45.0,HAH,Vận tải
2026-07-31 07:00:00,45.25,HAH,Vận tải
2026-08-07 07:00:00,46.2,HAH,Vận tải
2026-08-13 07:00:00,45.8,HAH,Vận tải
2025-08-01 07:00:00,32.5,HVN,Vận tải
2025-08-08 07:00:00,32.75,HVN,Vận tải
2025-08-15 07:00:00,30.5,HVN,Vận tải
2025-08-22 07:00:00,30.85,HVN,Vận tải
2025-08-29 07:00:00,31.0,HVN,Vận tải
2025-09-05 07:00:00,30.95,HVN,Vận tải
2025-09-12 07:00:00,33.95,HVN,Vận tải
2025-09-19 07:00:00,35.8,HVN,Vận tải
2025-09-26 07:00:00,36.5,HVN,Vận tải
2025-10-03 07:00:00,34.15,HVN,Vận tải
2025-10-10 07:00:00,36.2,HVN,Vận tải
2025-10-17 07:00:00,35.0,HVN,Vận tải
2025-10-24 07:00:00,33.1,HVN,Vận tải
2025-10-31 07:00:00,31.6,HVN,Vận tải
2025-11-07 07:00:00,30.4,HVN,Vận tải
2025-11-14 07:00:00,29.2,HVN,Vận tải
2025-11-21 07:00:00,29.55,HVN,Vận tải
2025-11-28 07:00:00,28.9,HVN,Vận tải
2025-12-05 07:00:00,28.85,HVN,Vận tải
2025-12-12 07:00:00,26.4,HVN,Vận tải
2025-12-19 07:00:00,25.7,HVN,Vận tải
2025-12-26 07:00:00,25.9,HVN,Vận tải
2025-12-31 07:00:00,24.9,HVN,Vận tải
2026-01-09 07:00:00,26.85,HVN,Vận tải
2026-01-16 07:00:00,29.5,HVN,Vận tải
2026-01-23 07:00:00,27.65,HVN,Vận tải
2026-01-30 07:00:00,26.95,HVN,Vận tải
2026-02-06 07:00:00,26.05,HVN,Vận tải
2026-02-13 07:00:00,27.5,HVN,Vận tải
2026-02-27 07:00:00,27.6,HVN,Vận tải
2026-03-06 07:00:00,24.35,HVN,Vận tải
2026-03-13 07:00:00,22.55,HVN,Vận tải
2026-03-20 07:00:00,20.3,HVN,Vận tải
2026-03-27 07:00:00,21.95,HVN,Vận tải
2026-04-03 07:00:00,21.6,HVN,Vận tải
2026-04-10 07:00:00,22.5,HVN,Vận tải
2026-04-17 07:00:00,22.85,HVN,Vận tải
2026-04-24 07:00:00,22.65,HVN,Vận tải
2026-04-29 07:00:00,22.6,HVN,Vận tải
2026-05-08 07:00:00,22.25,HVN,Vận tải
2026-05-15 07:00:00,21.35,HVN,Vận tải
2026-05-22 07:00:00,20.95,HVN,Vận tải
2026-05-29 07:00:00,21.4,HVN,Vận tải
2026-06-05 07:00:00,21.3,HVN,Vận tải
2026-06-12 07:00:00,21.15,HVN,Vận tải
2026-06-19 07:00:00,23.2,HVN,Vận tải
2026-06-26 07:00:00,23.0,HVN,Vận tải
2026-07-03 07:00:00,25.3,HVN,Vận tải
2026-07-10 07:00:00,25.4,HVN,Vận tải
2026-07-17 07:00:00,23.8,HVN,Vận tải
2026-07-24 07:00:00,21.2,HVN,Vận tải
2026-07-31 07:00:00,21.5,HVN,Vận tải
2026-08-07 07:00:00,23.85,HVN,Vận tải
2026-08-13 07:00:00,23.85,HVN,Vận tải
2025-08-01 07:00:00,25.75,VSC,Vận tải
2025-08-08 07:00:00,25.1,VSC,Vận tải
2025-08-15 07:00:00,33.85,VSC,Vận tải
2025-08-22 07:00:00,31.75,VSC,Vận tải
2025-08-29 07:00:00,30.0,VSC,Vận tải
2025-09-05 07:00:00,31.0,VSC,Vận tải
2025-09-12 07:00:00,30.3,VSC,Vận tải
2025-09-19 07:00:00,30.0,VSC,Vận tải
2025-09-26 07:00:00,30.9,VSC,Vận tải
2025-10-03 07:00:00,27.8,VSC,Vận tải
2025-10-10 07:00:00,27.3,VSC,Vận tải
2025-10-17 07:00:00,27.0,VSC,Vận tải
2025-10-24 07:00:00,25.0,VSC,Vận tải
2025-10-31 07:00:00,23.2,VSC,Vận tải
2025-11-07 07:00:00,20.8,VSC,Vận tải
2025-11-14 07:00:00,22.25,VSC,Vận tải
2025-11-21 07:00:00,22.3,VSC,Vận tải
2025-11-28 07:00:00,22.0,VSC,Vận tải
2025-12-05 07:00:00,22.6,VSC,Vận tải
2025-12-12 07:00:00,19.75,VSC,Vận tải
2025-12-19 07:00:00,20.0,VSC,Vận tải
2025-12-26 07:00:00,20.15,VSC,Vận tải
2025-12-31 07:00:00,19.95,VSC,Vận tải
2026-01-09 07:00:00,19.75,VSC,Vận tải
2026-01-16 07:00:00,21.75,VSC,Vận tải
2026-01-23 07:00:00,21.85,VSC,Vận tải
2026-01-30 07:00:00,20.6,VSC,Vận tải
2026-02-06 07:00:00,22.3,VSC,Vận tải
2026-02-13 07:00:00,24.8,VSC,Vận tải
2026-02-27 07:00:00,25.9,VSC,Vận tải
2026-03-06 07:00:00,24.35,VSC,Vận tải
2026-03-13 07:00:00,24.8,VSC,Vận tải
2026-03-20 07:00:00,25.25,VSC,Vận tải
2026-03-27 07:00:00,23.75,VSC,Vận tải
2026-04-03 07:00:00,23.8,VSC,Vận tải
2026-04-10 07:00:00,25.0,VSC,Vận tải
2026-04-17 07:00:00,23.45,VSC,Vận tải
2026-04-24 07:00:00,22.2,VSC,Vận tải
2026-04-29 07:00:00,21.35,VSC,Vận tải
2026-05-08 07:00:00,22.1,VSC,Vận tải
2026-05-15 07:00:00,21.5,VSC,Vận tải
2026-05-22 07:00:00,20.5,VSC,Vận tải
2026-05-29 07:00:00,20.0,VSC,Vận tải
2026-06-05 07:00:00,19.5,VSC,Vận tải
2026-06-12 07:00:00,18.5,VSC,Vận tải
2026-06-19 07:00:00,19.2,VSC,Vận tải
2026-06-26 07:00:00,18.5,VSC,Vận tải
2026-07-03 07:00:00,18.65,VSC,Vận tải
2026-07-10 07:00:00,16.3,VSC,Vận tải
2026-07-17 07:00:00,14.7,VSC,Vận tải
2026-07-24 07:00:00,13.45,VSC,Vận tải
2026-07-31 07:00:00,13.8,VSC,Vận tải
2026-08-07 07:00:00,14.65,VSC,Vận tải
2026-08-13 07:00:00,14.35,VSC,Vận tải
2025-08-01 07:00:00,40.45,BFC,Hóa chất
2025-08-08 07:00:00,42.92,BFC,Hóa chất
2025-08-15 07:00:00,44.09,BFC,Hóa chất
2025-08-22 07:00:00,44.14,BFC,Hóa chất
2025-08-29 07:00:00,41.15,BFC,Hóa chất
2025-09-05 07:00:00,41.05,BFC,Hóa chất
2025-09-12 07:00:00,40.35,BFC,Hóa chất
2025-09-19 07:00:00,40.54,BFC,Hóa chất
2025-09-26 07:00:00,39.42,BFC,Hóa chất
2025-10-03 07:00:00,38.3,BFC,Hóa chất
2025-10-10 07:00:00,41.1,BFC,Hóa chất
2025-10-17 07:00:00,39.6,BFC,Hóa chất
2025-10-24 07:00:00,39.98,BFC,Hóa chất
2025-10-31 07:00:00,42.69,BFC,Hóa chất
2025-11-07 07:00:00,41.1,BFC,Hóa chất
2025-11-14 07:00:00,42.97,BFC,Hóa chất
2025-11-21 07:00:00,41.29,BFC,Hóa chất
2025-11-28 07:00:00,40.35,BFC,Hóa chất
2025-12-05 07:00:00,40.59,BFC,Hóa chất
2025-12-12 07:00:00,39.79,BFC,Hóa chất
2025-12-19 07:00:00,39.93,BFC,Hóa chất
2025-12-26 07:00:00,39.65,BFC,Hóa chất
2025-12-31 07:00:00,39.89,BFC,Hóa chất
2026-01-09 07:00:00,42.78,BFC,Hóa chất
2026-01-16 07:00:00,45.86,BFC,Hóa chất
2026-01-23 07:00:00,43.72,BFC,Hóa chất
2026-01-30 07:00:00,44.56,BFC,Hóa chất
2026-02-06 07:00:00,50.63,BFC,Hóa chất
2026-02-13 07:00:00,56.51,BFC,Hóa chất
2026-02-27 07:00:00,68.75,BFC,Hóa chất
2026-03-06 07:00:00,65.29,BFC,Hóa chất
2026-03-13 07:00:00,62.68,BFC,Hóa chất
2026-03-20 07:00:00,51.75,BFC,Hóa chất
2026-03-27 07:00:00,52.78,BFC,Hóa chất
2026-04-03 07:00:00,51.75,BFC,Hóa chất
2026-04-10 07:00:00,54.08,BFC,Hóa chất
2026-04-17 07:00:00,62.21,BFC,Hóa chất
2026-04-24 07:00:00,58.01,BFC,Hóa chất
2026-04-29 07:00:00,63.14,BFC,Hóa chất
2026-05-08 07:00:00,60.9,BFC,Hóa chất
2026-05-15 07:00:00,58.57,BFC,Hóa chất
2026-05-22 07:00:00,55.02,BFC,Hóa chất
2026-05-29 07:00:00,51.75,BFC,Hóa chất
2026-06-05 07:00:00,53.24,BFC,Hóa chất
2026-06-12 07:00:00,52.78,BFC,Hóa chất
2026-06-19 07:00:00,53.06,BFC,Hóa chất
2026-06-26 07:00:00,52.68,BFC,Hóa chất
2026-07-03 07:00:00,51.75,BFC,Hóa chất
2026-07-10 07:00:00,52.31,BFC,Hóa chất
2026-07-17 07:00:00,51.47,BFC,Hóa chất
2026-07-24 07:00:00,46.33,BFC,Hóa chất
2026-07-31 07:00:00,47.73,BFC,Hóa chất
2026-08-07 07:00:00,49.41,BFC,Hóa chất
2026-08-13 07:00:00,47.5,BFC,Hóa chất
2025-08-01 07:00:00,31.02,DDV,Hóa chất
2025-08-08 07:00:00,32.05,DDV,Hóa chất
2025-08-15 07:00:00,30.65,DDV,Hóa chất
2025-08-22 07:00:00,27.84,DDV,Hóa chất
2025-08-29 07:00:00,28.78,DDV,Hóa chất
2025-09-05 07:00:00,29.15,DDV,Hóa chất
2025-09-12 07:00:00,28.96,DDV,Hóa chất
2025-09-19 07:00:00,29.62,DDV,Hóa chất
2025-09-26 07:00:00,30.09,DDV,Hóa chất
2025-10-03 07:00:00,28.87,DDV,Hóa chất
2025-10-10 07:00:00,30.46,DDV,Hóa chất
2025-10-17 07:00:00,32.7,DDV,Hóa chất
2025-10-24 07:00:00,32.05,DDV,Hóa chất
2025-10-31 07:00:00,28.96,DDV,Hóa chất
2025-11-07 07:00:00,27.38,DDV,Hóa chất
2025-11-14 07:00:00,27.56,DDV,Hóa chất
2025-11-21 07:00:00,26.44,DDV,Hóa chất
2025-11-28 07:00:00,25.32,DDV,Hóa chất
2025-12-05 07:00:00,24.48,DDV,Hóa chất
2025-12-12 07:00:00,23.83,DDV,Hóa chất
2025-12-19 07:00:00,23.45,DDV,Hóa chất
2025-12-26 07:00:00,23.55,DDV,Hóa chất
2025-12-31 07:00:00,24.2,DDV,Hóa chất
2026-01-09 07:00:00,24.85,DDV,Hóa chất
2026-01-16 07:00:00,27.38,DDV,Hóa chất
2026-01-23 07:00:00,25.88,DDV,Hóa chất
2026-01-30 07:00:00,27.47,DDV,Hóa chất
2026-02-06 07:00:00,26.16,DDV,Hóa chất
2026-02-13 07:00:00,26.82,DDV,Hóa chất
2026-02-27 07:00:00,29.62,DDV,Hóa chất
2026-03-06 07:00:00,29.43,DDV,Hóa chất
2026-03-13 07:00:00,27.66,DDV,Hóa chất
2026-03-20 07:00:00,25.79,DDV,Hóa chất
2026-03-27 07:00:00,26.35,DDV,Hóa chất
2026-04-03 07:00:00,25.6,DDV,Hóa chất
2026-04-10 07:00:00,26.26,DDV,Hóa chất
2026-04-17 07:00:00,26.16,DDV,Hóa chất
2026-04-24 07:00:00,24.57,DDV,Hóa chất
2026-04-29 07:00:00,24.67,DDV,Hóa chất
2026-05-08 07:00:00,24.29,DDV,Hóa chất
2026-05-15 07:00:00,25.04,DDV,Hóa chất
2026-05-22 07:00:00,24.67,DDV,Hóa chất
2026-05-29 07:00:00,24.2,DDV,Hóa chất
2026-06-05 07:00:00,24.39,DDV,Hóa chất
2026-06-12 07:00:00,24.11,DDV,Hóa chất
2026-06-19 07:00:00,24.39,DDV,Hóa chất
2026-06-26 07:00:00,23.2,DDV,Hóa chất
2026-07-03 07:00:00,22.3,DDV,Hóa chất
2026-07-10 07:00:00,22.3,DDV,Hóa chất
2026-07-17 07:00:00,21.3,DDV,Hóa chất
2026-07-24 07:00:00,18.8,DDV,Hóa chất
2026-07-31 07:00:00,18.1,DDV,Hóa chất
2026-08-07 07:00:00,18.8,DDV,Hóa chất
2026-08-13 07:00:00,18.4,DDV,Hóa chất
2025-08-01 07:00:00,19.8,LAS,Hóa chất
2025-08-08 07:00:00,21.0,LAS,Hóa chất
2025-08-15 07:00:00,19.9,LAS,Hóa chất
2025-08-22 07:00:00,18.8,LAS,Hóa chất
2025-08-29 07:00:00,18.8,LAS,Hóa chất
2025-09-05 07:00:00,19.0,LAS,Hóa chất
2025-09-12 07:00:00,18.8,LAS,Hóa chất
2025-09-19 07:00:00,18.5,LAS,Hóa chất
2025-09-26 07:00:00,18.2,LAS,Hóa chất
2025-10-03 07:00:00,17.7,LAS,Hóa chất
2025-10-10 07:00:00,18.0,LAS,Hóa chất
2025-10-17 07:00:00,17.4,LAS,Hóa chất
2025-10-24 07:00:00,16.9,LAS,Hóa chất
2025-10-31 07:00:00,17.2,LAS,Hóa chất
2025-11-07 07:00:00,16.8,LAS,Hóa chất
2025-11-14 07:00:00,16.8,LAS,Hóa chất
2025-11-21 07:00:00,16.8,LAS,Hóa chất
2025-11-28 07:00:00,16.5,LAS,Hóa chất
2025-12-05 07:00:00,16.6,LAS,Hóa chất
2025-12-12 07:00:00,15.9,LAS,Hóa chất
2025-12-19 07:00:00,15.7,LAS,Hóa chất
2025-12-26 07:00:00,15.6,LAS,Hóa chất
2025-12-31 07:00:00,15.7,LAS,Hóa chất
2026-01-09 07:00:00,16.1,LAS,Hóa chất
2026-01-16 07:00:00,17.4,LAS,Hóa chất
2026-01-23 07:00:00,17.3,LAS,Hóa chất
2026-01-30 07:00:00,16.3,LAS,Hóa chất
2026-02-06 07:00:00,16.9,LAS,Hóa chất
2026-02-13 07:00:00,16.7,LAS,Hóa chất
2026-02-27 07:00:00,17.8,LAS,Hóa chất
2026-03-06 07:00:00,19.2,LAS,Hóa chất
2026-03-13 07:00:00,20.2,LAS,Hóa chất
2026-03-20 07:00:00,17.5,LAS,Hóa chất
2026-03-27 07:00:00,17.5,LAS,Hóa chất
2026-04-03 07:00:00,16.8,LAS,Hóa chất
2026-04-10 07:00:00,17.0,LAS,Hóa chất
2026-04-17 07:00:00,16.9,LAS,Hóa chất
2026-04-24 07:00:00,15.9,LAS,Hóa chất
2026-04-29 07:00:00,15.7,LAS,Hóa chất
2026-05-08 07:00:00,15.5,LAS,Hóa chất
2026-05-15 07:00:00,15.6,LAS,Hóa chất
2026-05-22 07:00:00,15.3,LAS,Hóa chất
2026-05-29 07:00:00,15.2,LAS,Hóa chất
2026-06-05 07:00:00,15.0,LAS,Hóa chất
2026-06-12 07:00:00,14.4,LAS,Hóa chất
2026-06-19 07:00:00,14.5,LAS,Hóa chất
2026-06-26 07:00:00,13.8,LAS,Hóa chất
2026-07-03 07:00:00,14.1,LAS,Hóa chất
2026-07-10 07:00:00,13.8,LAS,Hóa chất
2026-07-17 07:00:00,13.4,LAS,Hóa chất
2026-07-24 07:00:00,11.8,LAS,Hóa chất
2026-07-31 07:00:00,11.6,LAS,Hóa chất
2026-08-07 07:00:00,12.3,LAS,Hóa chất
2026-08-13 07:00:00,12.1,LAS,Hóa chất
2025-08-01 07:00:00,18.15,BMI,Bảo hiểm
2025-08-08 07:00:00,18.42,BMI,Bảo hiểm
2025-08-15 07:00:00,19.21,BMI,Bảo hiểm
2025-08-22 07:00:00,19.17,BMI,Bảo hiểm
2025-08-29 07:00:00,19.48,BMI,Bảo hiểm
2025-09-05 07:00:00,19.34,BMI,Bảo hiểm
2025-09-12 07:00:00,18.99,BMI,Bảo hiểm
2025-09-19 07:00:00,19.08,BMI,Bảo hiểm
2025-09-26 07:00:00,19.48,BMI,Bảo hiểm
2025-10-03 07:00:00,19.78,BMI,Bảo hiểm
2025-10-10 07:00:00,19.3,BMI,Bảo hiểm
2025-10-17 07:00:00,19.0,BMI,Bảo hiểm
2025-10-24 07:00:00,19.3,BMI,Bảo hiểm
2025-10-31 07:00:00,19.65,BMI,Bảo hiểm
2025-11-07 07:00:00,19.8,BMI,Bảo hiểm
2025-11-14 07:00:00,19.25,BMI,Bảo hiểm
2025-11-21 07:00:00,18.7,BMI,Bảo hiểm
2025-11-28 07:00:00,18.65,BMI,Bảo hiểm
2025-12-05 07:00:00,18.6,BMI,Bảo hiểm
2025-12-12 07:00:00,18.0,BMI,Bảo hiểm
2025-12-19 07:00:00,17.8,BMI,Bảo hiểm
2025-12-26 07:00:00,17.4,BMI,Bảo hiểm
2025-12-31 07:00:00,17.3,BMI,Bảo hiểm
2026-01-09 07:00:00,18.2,BMI,Bảo hiểm
2026-01-16 07:00:00,19.75,BMI,Bảo hiểm
2026-01-23 07:00:00,18.55,BMI,Bảo hiểm
2026-01-30 07:00:00,18.4,BMI,Bảo hiểm
2026-02-06 07:00:00,18.75,BMI,Bảo hiểm
2026-02-13 07:00:00,18.5,BMI,Bảo hiểm
2026-02-27 07:00:00,18.25,BMI,Bảo hiểm
2026-03-06 07:00:00,17.6,BMI,Bảo hiểm
2026-03-13 07:00:00,16.8,BMI,Bảo hiểm
2026-03-20 07:00:00,16.45,BMI,Bảo hiểm
2026-03-27 07:00:00,16.9,BMI,Bảo hiểm
2026-04-03 07:00:00,17.25,BMI,Bảo hiểm
2026-04-10 07:00:00,15.7,BMI,Bảo hiểm
2026-04-17 07:00:00,15.65,BMI,Bảo hiểm
2026-04-24 07:00:00,15.05,BMI,Bảo hiểm
2026-04-29 07:00:00,15.1,BMI,Bảo hiểm
2026-05-08 07:00:00,14.45,BMI,Bảo hiểm
2026-05-15 07:00:00,14.5,BMI,Bảo hiểm
2026-05-22 07:00:00,14.6,BMI,Bảo hiểm
2026-05-29 07:00:00,14.65,BMI,Bảo hiểm
2026-06-05 07:00:00,14.35,BMI,Bảo hiểm
2026-06-12 07:00:00,14.4,BMI,Bảo hiểm
2026-06-19 07:00:00,14.4,BMI,Bảo hiểm
2026-06-26 07:00:00,14.3,BMI,Bảo hiểm
2026-07-03 07:00:00,14.25,BMI,Bảo hiểm
2026-07-10 07:00:00,13.9,BMI,Bảo hiểm
2026-07-17 07:00:00,13.7,BMI,Bảo hiểm
2026-07-24 07:00:00,12.95,BMI,Bảo hiểm
2026-07-31 07:00:00,13.45,BMI,Bảo hiểm
2026-08-07 07:00:00,13.6,BMI,Bảo hiểm
2026-08-13 07:00:00,13.5,BMI,Bảo hiểm
2025-08-01 07:00:00,15.56,FCN,Đầu tư công
2025-08-08 07:00:00,17.85,FCN,Đầu tư công
2025-08-15 07:00:00,18.24,FCN,Đầu tư công
2025-08-22 07:00:00,17.36,FCN,Đầu tư công
2025-08-29 07:00:00,17.36,FCN,Đầu tư công
2025-09-05 07:00:00,17.51,FCN,Đầu tư công
2025-09-12 07:00:00,17.02,FCN,Đầu tư công
2025-09-19 07:00:00,17.56,FCN,Đầu tư công
2025-09-26 07:00:00,18.34,FCN,Đầu tư công
2025-10-03 07:00:00,16.29,FCN,Đầu tư công
2025-10-10 07:00:00,16.92,FCN,Đầu tư công
2025-10-17 07:00:00,17.02,FCN,Đầu tư công
2025-10-24 07:00:00,15.07,FCN,Đầu tư công
2025-10-31 07:00:00,15.17,FCN,Đầu tư công
2025-11-07 07:00:00,14.39,FCN,Đầu tư công
2025-11-14 07:00:00,14.78,FCN,Đầu tư công
2025-11-21 07:00:00,14.78,FCN,Đầu tư công
2025-11-28 07:00:00,14.39,FCN,Đầu tư công
2025-12-05 07:00:00,14.97,FCN,Đầu tư công
2025-12-12 07:00:00,15.22,FCN,Đầu tư công
2025-12-19 07:00:00,16.3,FCN,Đầu tư công
2025-12-26 07:00:00,14.8,FCN,Đầu tư công
2025-12-31 07:00:00,14.6,FCN,Đầu tư công
2026-01-09 07:00:00,13.85,FCN,Đầu tư công
2026-01-16 07:00:00,14.5,FCN,Đầu tư công
2026-01-23 07:00:00,14.45,FCN,Đầu tư công
2026-01-30 07:00:00,13.85,FCN,Đầu tư công
2026-02-06 07:00:00,13.7,FCN,Đầu tư công
2026-02-13 07:00:00,13.6,FCN,Đầu tư công
2026-02-27 07:00:00,13.6,FCN,Đầu tư công
2026-03-06 07:00:00,12.0,FCN,Đầu tư công
2026-03-13 07:00:00,12.75,FCN,Đầu tư công
2026-03-20 07:00:00,12.25,FCN,Đầu tư công
2026-03-27 07:00:00,12.95,FCN,Đầu tư công
2026-04-03 07:00:00,12.9,FCN,Đầu tư công
2026-04-10 07:00:00,13.85,FCN,Đầu tư công
2026-04-17 07:00:00,13.85,FCN,Đầu tư công
2026-04-24 07:00:00,13.3,FCN,Đầu tư công
2026-04-29 07:00:00,13.15,FCN,Đầu tư công
2026-05-08 07:00:00,13.3,FCN,Đầu tư công
2026-05-15 07:00:00,13.0,FCN,Đầu tư công
2026-05-22 07:00:00,12.85,FCN,Đầu tư công
2026-05-29 07:00:00,12.8,FCN,Đầu tư công
2026-06-05 07:00:00,12.4,FCN,Đầu tư công
2026-06-12 07:00:00,11.95,FCN,Đầu tư công
2026-06-19 07:00:00,12.1,FCN,Đầu tư công
2026-06-26 07:00:00,11.7,FCN,Đầu tư công
2026-07-03 07:00:00,11.8,FCN,Đầu tư công
2026-07-10 07:00:00,11.4,FCN,Đầu tư công
2026-07-17 07:00:00,11.2,FCN,Đầu tư công
2026-07-24 07:00:00,10.8,FCN,Đầu tư công
2026-07-31 07:00:00,10.65,FCN,Đầu tư công
2026-08-07 07:00:00,10.95,FCN,Đầu tư công
2026-08-13 07:00:00,11.35,FCN,Đầu tư công
2025-08-01 07:00:00,23.47,VCG,Đầu tư công
2025-08-08 07:00:00,23.42,VCG,Đầu tư công
2025-08-15 07:00:00,23.96,VCG,Đầu tư công
2025-08-22 07:00:00,21.82,VCG,Đầu tư công
2025-08-29 07:00:00,22.58,VCG,Đầu tư công
2025-09-05 07:00:00,23.02,VCG,Đầu tư công
2025-09-12 07:00:00,23.96,VCG,Đầu tư công
2025-09-19 07:00:00,23.73,VCG,Đầu tư công
2025-09-26 07:00:00,24.62,VCG,Đầu tư công
2025-10-03 07:00:00,24.22,VCG,Đầu tư công
2025-10-10 07:00:00,24.84,VCG,Đầu tư công
2025-10-17 07:00:00,24.58,VCG,Đầu tư công
2025-10-24 07:00:00,22.71,VCG,Đầu tư công
2025-10-31 07:00:00,23.16,VCG,Đầu tư công
2025-11-07 07:00:00,20.84,VCG,Đầu tư công
2025-11-14 07:00:00,21.42,VCG,Đầu tư công
2025-11-21 07:00:00,21.56,VCG,Đầu tư công
2025-11-28 07:00:00,21.11,VCG,Đầu tư công
2025-12-05 07:00:00,21.87,VCG,Đầu tư công
2025-12-12 07:00:00,20.53,VCG,Đầu tư công
2025-12-19 07:00:00,21.2,VCG,Đầu tư công
2025-12-26 07:00:00,20.36,VCG,Đầu tư công
2025-12-31 07:00:00,20.09,VCG,Đầu tư công
2026-01-09 07:00:00,19.07,VCG,Đầu tư công
2026-01-16 07:00:00,20.71,VCG,Đầu tư công
2026-01-23 07:00:00,20.27,VCG,Đầu tư công
2026-01-30 07:00:00,17.02,VCG,Đầu tư công
2026-02-06 07:00:00,16.18,VCG,Đầu tư công
2026-02-13 07:00:00,16.8,VCG,Đầu tư công
2026-02-27 07:00:00,17.02,VCG,Đầu tư công
2026-03-06 07:00:00,17.82,VCG,Đầu tư công
2026-03-13 07:00:00,20.89,VCG,Đầu tư công
2026-03-20 07:00:00,19.82,VCG,Đầu tư công
2026-03-27 07:00:00,19.47,VCG,Đầu tư công
2026-04-03 07:00:00,19.02,VCG,Đầu tư công
2026-04-10 07:00:00,20.31,VCG,Đầu tư công
2026-04-17 07:00:00,19.78,VCG,Đầu tư công
2026-04-24 07:00:00,20.36,VCG,Đầu tư công
2026-04-29 07:00:00,19.69,VCG,Đầu tư công
2026-05-08 07:00:00,19.6,VCG,Đầu tư công
2026-05-15 07:00:00,19.2,VCG,Đầu tư công
2026-05-22 07:00:00,18.67,VCG,Đầu tư công
2026-05-29 07:00:00,17.82,VCG,Đầu tư công
2026-06-05 07:00:00,17.33,VCG,Đầu tư công
2026-06-12 07:00:00,17.42,VCG,Đầu tư công
2026-06-19 07:00:00,17.6,VCG,Đầu tư công
2026-06-26 07:00:00,17.42,VCG,Đầu tư công
2026-07-03 07:00:00,18.4,VCG,Đầu tư công
2026-07-10 07:00:00,18.04,VCG,Đầu tư công
2026-07-17 07:00:00,16.8,VCG,Đầu tư công
2026-07-24 07:00:00,15.55,VCG,Đầu tư công
2026-07-31 07:00:00,15.5,VCG,Đầu tư công
2026-08-07 07:00:00,15.65,VCG,Đầu tư công
2026-08-13 07:00:00,15.8,VCG,Đầu tư công
2025-08-01 07:00:00,127.99,BMP,Nhựa
2025-08-08 07:00:00,128.99,BMP,Nhựa
2025-08-15 07:00:00,123.26,BMP,Nhựa
2025-08-22 07:00:00,122.35,BMP,Nhựa
2025-08-29 07:00:00,130.99,BMP,Nhựa
2025-09-05 07:00:00,136.36,BMP,Nhựa
2025-09-12 07:00:00,137.18,BMP,Nhựa
2025-09-19 07:00:00,135.72,BMP,Nhựa
2025-09-26 07:00:00,130.54,BMP,Nhựa
2025-10-03 07:00:00,128.26,BMP,Nhựa
2025-10-10 07:00:00,130.54,BMP,Nhựa
2025-10-17 07:00:00,146.46,BMP,Nhựa
2025-10-24 07:00:00,158.28,BMP,Nhựa
2025-10-31 07:00:00,154.64,BMP,Nhựa
2025-11-07 07:00:00,154.19,BMP,Nhựa
2025-11-14 07:00:00,155.46,BMP,Nhựa
2025-11-21 07:00:00,148.09,BMP,Nhựa
2025-11-28 07:00:00,149.32,BMP,Nhựa
2025-12-05 07:00:00,151.4,BMP,Nhựa
2025-12-12 07:00:00,166.43,BMP,Nhựa
2025-12-19 07:00:00,164.54,BMP,Nhựa
2025-12-26 07:00:00,167.0,BMP,Nhựa
2025-12-31 07:00:00,165.48,BMP,Nhựa
2026-01-09 07:00:00,165.58,BMP,Nhựa
2026-01-16 07:00:00,164.07,BMP,Nhựa
2026-01-23 07:00:00,149.41,BMP,Nhựa
2026-01-30 07:00:00,154.14,BMP,Nhựa
2026-02-06 07:00:00,147.05,BMP,Nhựa
2026-02-13 07:00:00,150.35,BMP,Nhựa
2026-02-27 07:00:00,149.88,BMP,Nhựa
2026-03-06 07:00:00,142.79,BMP,Nhựa
2026-03-13 07:00:00,130.97,BMP,Nhựa
2026-03-20 07:00:00,122.46,BMP,Nhựa
2026-03-27 07:00:00,121.23,BMP,Nhựa
2026-04-03 07:00:00,119.24,BMP,Nhựa
2026-04-10 07:00:00,125.77,BMP,Nhựa
2026-04-17 07:00:00,140.05,BMP,Nhựa
2026-04-24 07:00:00,139.01,BMP,Nhựa
2026-04-29 07:00:00,137.68,BMP,Nhựa
2026-05-08 07:00:00,141.84,BMP,Nhựa
2026-05-15 07:00:00,148.65,BMP,Nhựa
2026-05-22 07:00:00,138.0,BMP,Nhựa
2026-05-29 07:00:00,137.1,BMP,Nhựa
2026-06-05 07:00:00,133.6,BMP,Nhựa
2026-06-12 07:00:00,135.0,BMP,Nhựa
2026-06-19 07:00:00,145.2,BMP,Nhựa
2026-06-26 07:00:00,153.0,BMP,Nhựa
2026-07-03 07:00:00,153.6,BMP,Nhựa
2026-07-10 07:00:00,146.1,BMP,Nhựa
2026-07-17 07:00:00,151.6,BMP,Nhựa
2026-07-24 07:00:00,150.0,BMP,Nhựa
2026-07-31 07:00:00,153.3,BMP,Nhựa
2026-08-07 07:00:00,148.8,BMP,Nhựa
2026-08-13 07:00:00,149.4,BMP,Nhựa
2025-08-01 07:00:00,51.96,NTP,Nhựa
2025-08-08 07:00:00,51.8,NTP,Nhựa
2025-08-15 07:00:00,50.21,NTP,Nhựa
2025-08-22 07:00:00,47.9,NTP,Nhựa
2025-08-29 07:00:00,48.7,NTP,Nhựa
2025-09-05 07:00:00,50.21,NTP,Nhựa
2025-09-12 07:00:00,51.64,NTP,Nhựa
2025-09-19 07:00:00,51.88,NTP,Nhựa
2025-09-26 07:00:00,49.42,NTP,Nhựa
2025-10-03 07:00:00,49.42,NTP,Nhựa
2025-10-10 07:00:00,50.53,NTP,Nhựa
2025-10-17 07:00:00,52.91,NTP,Nhựa
2025-10-24 07:00:00,52.43,NTP,Nhựa
2025-10-31 07:00:00,50.84,NTP,Nhựa
2025-11-07 07:00:00,50.05,NTP,Nhựa
2025-11-14 07:00:00,50.69,NTP,Nhựa
2025-11-21 07:00:00,50.84,NTP,Nhựa
2025-11-28 07:00:00,50.84,NTP,Nhựa
2025-12-05 07:00:00,51.08,NTP,Nhựa
2025-12-12 07:00:00,51.64,NTP,Nhựa
2025-12-19 07:00:00,50.84,NTP,Nhựa
2025-12-26 07:00:00,50.13,NTP,Nhựa
2025-12-31 07:00:00,52.35,NTP,Nhựa
2026-01-09 07:00:00,52.28,NTP,Nhựa
2026-01-16 07:00:00,58.21,NTP,Nhựa
2026-01-23 07:00:00,51.7,NTP,Nhựa
2026-01-30 07:00:00,51.38,NTP,Nhựa
2026-02-06 07:00:00,50.97,NTP,Nhựa
2026-02-13 07:00:00,51.3,NTP,Nhựa
2026-02-27 07:00:00,51.7,NTP,Nhựa
2026-03-06 07:00:00,50.57,NTP,Nhựa
2026-03-13 07:00:00,46.99,NTP,Nhựa
2026-03-20 07:00:00,46.66,NTP,Nhựa
2026-03-27 07:00:00,45.12,NTP,Nhựa
2026-04-03 07:00:00,45.36,NTP,Nhựa
2026-04-10 07:00:00,46.42,NTP,Nhựa
2026-04-17 07:00:00,48.7,NTP,Nhựa
2026-04-24 07:00:00,48.05,NTP,Nhựa
2026-04-29 07:00:00,47.56,NTP,Nhựa
2026-05-08 07:00:00,49.67,NTP,Nhựa
2026-05-15 07:00:00,50.4,NTP,Nhựa
2026-05-22 07:00:00,49.27,NTP,Nhựa
2026-05-29 07:00:00,50.1,NTP,Nhựa
2026-06-05 07:00:00,50.27,NTP,Nhựa
2026-06-12 07:00:00,49.9,NTP,Nhựa
2026-06-19 07:00:00,50.9,NTP,Nhựa
2026-06-26 07:00:00,50.8,NTP,Nhựa
2026-07-03 07:00:00,50.6,NTP,Nhựa
2026-07-10 07:00:00,49.0,NTP,Nhựa
2026-07-17 07:00:00,49.1,NTP,Nhựa
2026-07-24 07:00:00,48.5,NTP,Nhựa
2026-07-31 07:00:00,47.9,NTP,Nhựa
2026-08-07 07:00:00,48.7,NTP,Nhựa
2026-08-13 07:00:00,51.8,NTP,Nhựa
2025-08-01 07:00:00,72.1,FOX,Công nghệ
2025-08-08 07:00:00,73.6,FOX,Công nghệ
2025-08-15 07:00:00,69.7,FOX,Công nghệ
2025-08-22 07:00:00,67.1,FOX,Công nghệ
2025-08-29 07:00:00,67.0,FOX,Công nghệ
2025-09-05 07:00:00,66.8,FOX,Công nghệ
2025-09-12 07:00:00,66.3,FOX,Công nghệ
2025-09-19 07:00:00,67.9,FOX,Công nghệ
2025-09-26 07:00:00,64.4,FOX,Công nghệ
2025-10-03 07:00:00,64.0,FOX,Công nghệ
2025-10-10 07:00:00,64.4,FOX,Công nghệ
2025-10-17 07:00:00,61.0,FOX,Công nghệ
2025-10-24 07:00:00,64.2,FOX,Công nghệ
2025-10-31 07:00:00,64.2,FOX,Công nghệ
2025-11-07 07:00:00,62.0,FOX,Công nghệ
2025-11-14 07:00:00,61.0,FOX,Công nghệ
2025-11-21 07:00:00,61.0,FOX,Công nghệ
2025-11-28 07:00:00,62.0,FOX,Công nghệ
2025-12-05 07:00:00,66.3,FOX,Công nghệ
2025-12-12 07:00:00,61.2,FOX,Công nghệ
2025-12-19 07:00:00,62.3,FOX,Công nghệ
2025-12-26 07:00:00,61.0,FOX,Công nghệ
2025-12-31 07:00:00,63.5,FOX,Công nghệ
2026-01-09 07:00:00,66.6,FOX,Công nghệ
2026-01-16 07:00:00,79.6,FOX,Công nghệ
2026-01-23 07:00:00,90.8,FOX,Công nghệ
2026-01-30 07:00:00,95.8,FOX,Công nghệ
2026-02-06 07:00:00,86.1,FOX,Công nghệ
2026-02-13 07:00:00,80.9,FOX,Công nghệ
2026-02-27 07:00:00,80.1,FOX,Công nghệ
2026-03-06 07:00:00,74.5,FOX,Công nghệ
2026-03-13 07:00:00,73.4,FOX,Công nghệ
2026-03-20 07:00:00,80.5,FOX,Công nghệ
2026-03-27 07:00:00,83.4,FOX,Công nghệ
2026-04-03 07:00:00,81.5,FOX,Công nghệ
2026-04-10 07:00:00,81.9,FOX,Công nghệ
2026-04-17 07:00:00,84.5,FOX,Công nghệ
2026-04-24 07:00:00,81.5,FOX,Công nghệ
2026-04-29 07:00:00,80.8,FOX,Công nghệ
2026-05-08 07:00:00,79.3,FOX,Công nghệ
2026-05-15 07:00:00,83.3,FOX,Công nghệ
2026-05-22 07:00:00,82.7,FOX,Công nghệ
2026-05-29 07:00:00,81.4,FOX,Công nghệ
2026-06-05 07:00:00,81.0,FOX,Công nghệ
2026-06-12 07:00:00,78.5,FOX,Công nghệ
2026-06-19 07:00:00,77.5,FOX,Công nghệ
2026-06-26 07:00:00,74.7,FOX,Công nghệ
2026-07-03 07:00:00,74.5,FOX,Công nghệ
2026-07-10 07:00:00,70.6,FOX,Công nghệ
2026-07-17 07:00:00,67.3,FOX,Công nghệ
2026-07-24 07:00:00,62.0,FOX,Công nghệ
2026-07-31 07:00:00,63.4,FOX,Công nghệ
2026-08-07 07:00:00,65.7,FOX,Công nghệ
2026-08-13 07:00:00,65.4,FOX,Công nghệ
2025-08-01 07:00:00,28.57,BAF,Nông nghiệp
2025-08-08 07:00:00,29.23,BAF,Nông nghiệp
2025-08-15 07:00:00,29.48,BAF,Nông nghiệp
2025-08-22 07:00:00,29.28,BAF,Nông nghiệp
2025-08-29 07:00:00,29.07,BAF,Nông nghiệp
2025-09-05 07:00:00,28.9,BAF,Nông nghiệp
2025-09-12 07:00:00,28.44,BAF,Nông nghiệp
2025-09-19 07:00:00,28.27,BAF,Nông nghiệp
2025-09-26 07:00:00,29.11,BAF,Nông nghiệp
2025-10-03 07:00:00,28.73,BAF,Nông nghiệp
2025-10-10 07:00:00,29.4,BAF,Nông nghiệp
2025-10-17 07:00:00,28.32,BAF,Nông nghiệp
2025-10-24 07:00:00,26.9,BAF,Nông nghiệp
2025-10-31 07:00:00,26.69,BAF,Nông nghiệp
2025-11-07 07:00:00,26.48,BAF,Nông nghiệp
2025-11-14 07:00:00,26.9,BAF,Nông nghiệp
2025-11-21 07:00:00,26.52,BAF,Nông nghiệp
2025-11-28 07:00:00,26.27,BAF,Nông nghiệp
2025-12-05 07:00:00,28.73,BAF,Nông nghiệp
2025-12-12 07:00:00,29.15,BAF,Nông nghiệp
2025-12-19 07:00:00,29.28,BAF,Nông nghiệp
2025-12-26 07:00:00,31.28,BAF,Nông nghiệp
2025-12-31 07:00:00,31.24,BAF,Nông nghiệp
2026-01-09 07:00:00,31.03,BAF,Nông nghiệp
2026-01-16 07:00:00,32.61,BAF,Nông nghiệp
2026-01-23 07:00:00,32.15,BAF,Nông nghiệp
2026-01-30 07:00:00,29.9,BAF,Nông nghiệp
2026-02-06 07:00:00,31.74,BAF,Nông nghiệp
2026-02-13 07:00:00,31.9,BAF,Nông nghiệp
2026-02-27 07:00:00,31.44,BAF,Nông nghiệp
2026-03-06 07:00:00,30.94,BAF,Nông nghiệp
2026-03-13 07:00:00,29.36,BAF,Nông nghiệp
2026-03-20 07:00:00,29.15,BAF,Nông nghiệp
2026-03-27 07:00:00,28.94,BAF,Nông nghiệp
2026-04-03 07:00:00,29.15,BAF,Nông nghiệp
2026-04-10 07:00:00,29.11,BAF,Nông nghiệp
2026-04-17 07:00:00,30.19,BAF,Nông nghiệp
2026-04-24 07:00:00,30.61,BAF,Nông nghiệp
2026-04-29 07:00:00,30.07,BAF,Nông nghiệp
2026-05-08 07:00:00,29.69,BAF,Nông nghiệp
2026-05-15 07:00:00,29.44,BAF,Nông nghiệp
2026-05-22 07:00:00,28.86,BAF,Nông nghiệp
2026-05-29 07:00:00,28.94,BAF,Nông nghiệp
2026-06-05 07:00:00,28.82,BAF,Nông nghiệp
2026-06-12 07:00:00,29.23,BAF,Nông nghiệp
2026-06-19 07:00:00,29.8,BAF,Nông nghiệp
2026-06-26 07:00:00,29.55,BAF,Nông nghiệp
2026-07-03 07:00:00,30.0,BAF,Nông nghiệp
2026-07-10 07:00:00,30.05,BAF,Nông nghiệp
2026-07-17 07:00:00,29.75,BAF,Nông nghiệp
2026-07-24 07:00:00,28.9,BAF,Nông nghiệp
2026-07-31 07:00:00,29.7,BAF,Nông nghiệp
2026-08-07 07:00:00,31.1,BAF,Nông nghiệp
2026-08-13 07:00:00,31.4,BAF,Nông nghiệp
2025-08-01 07:00:00,13.9,HAG,Nông nghiệp
2025-08-08 07:00:00,16.15,HAG,Nông nghiệp
2025-08-15 07:00:00,15.9,HAG,Nông nghiệp
2025-08-22 07:00:00,16.1,HAG,Nông nghiệp
2025-08-29 07:00:00,16.5,HAG,Nông nghiệp
2025-09-05 07:00:00,16.5,HAG,Nông nghiệp
2025-09-12 07:00:00,15.6,HAG,Nông nghiệp
2025-09-19 07:00:00,15.4,HAG,Nông nghiệp
2025-09-26 07:00:00,15.9,HAG,Nông nghiệp
2025-10-03 07:00:00,16.5,HAG,Nông nghiệp
2025-10-10 07:00:00,17.15,HAG,Nông nghiệp
2025-10-17 07:00:00,16.2,HAG,Nông nghiệp
2025-10-24 07:00:00,15.35,HAG,Nông nghiệp
2025-10-31 07:00:00,17.1,HAG,Nông nghiệp
2025-11-07 07:00:00,15.9,HAG,Nông nghiệp
2025-11-14 07:00:00,17.65,HAG,Nông nghiệp
2025-11-21 07:00:00,17.8,HAG,Nông nghiệp
2025-11-28 07:00:00,17.4,HAG,Nông nghiệp
2025-12-05 07:00:00,18.0,HAG,Nông nghiệp
2025-12-12 07:00:00,17.15,HAG,Nông nghiệp
2025-12-19 07:00:00,18.05,HAG,Nông nghiệp
2025-12-26 07:00:00,17.9,HAG,Nông nghiệp
2025-12-31 07:00:00,17.55,HAG,Nông nghiệp
2026-01-09 07:00:00,16.6,HAG,Nông nghiệp
2026-01-16 07:00:00,17.75,HAG,Nông nghiệp
2026-01-23 07:00:00,17.95,HAG,Nông nghiệp
2026-01-30 07:00:00,17.25,HAG,Nông nghiệp
2026-02-06 07:00:00,16.1,HAG,Nông nghiệp
2026-02-13 07:00:00,16.6,HAG,Nông nghiệp
2026-02-27 07:00:00,15.95,HAG,Nông nghiệp
2026-03-06 07:00:00,15.55,HAG,Nông nghiệp
2026-03-13 07:00:00,15.2,HAG,Nông nghiệp
2026-03-20 07:00:00,15.4,HAG,Nông nghiệp
2026-03-27 07:00:00,16.15,HAG,Nông nghiệp
2026-04-03 07:00:00,15.95,HAG,Nông nghiệp
2026-04-10 07:00:00,16.05,HAG,Nông nghiệp
2026-04-17 07:00:00,16.65,HAG,Nông nghiệp
2026-04-24 07:00:00,16.3,HAG,Nông nghiệp
2026-04-29 07:00:00,16.3,HAG,Nông nghiệp
2026-05-08 07:00:00,16.55,HAG,Nông nghiệp
2026-05-15 07:00:00,16.1,HAG,Nông nghiệp
2026-05-22 07:00:00,15.45,HAG,Nông nghiệp
2026-05-29 07:00:00,15.3,HAG,Nông nghiệp
2026-06-05 07:00:00,15.45,HAG,Nông nghiệp
2026-06-12 07:00:00,15.25,HAG,Nông nghiệp
2026-06-19 07:00:00,15.05,HAG,Nông nghiệp
2026-06-26 07:00:00,15.0,HAG,Nông nghiệp
2026-07-03 07:00:00,14.9,HAG,Nông nghiệp
2026-07-10 07:00:00,14.65,HAG,Nông nghiệp
2026-07-17 07:00:00,14.55,HAG,Nông nghiệp
2026-07-24 07:00:00,14.0,HAG,Nông nghiệp
2026-07-31 07:00:00,14.0,HAG,Nông nghiệp
2026-08-07 07:00:00,14.05,HAG,Nông nghiệp
2026-08-13 07:00:00,14.1,HAG,Nông nghiệp
2025-08-01 07:00:00,24.48,NAF,Nông nghiệp
2025-08-08 07:00:00,26.03,NAF,Nông nghiệp
2025-08-15 07:00:00,26.03,NAF,Nông nghiệp
2025-08-22 07:00:00,27.34,NAF,Nông nghiệp
2025-08-29 07:00:00,29.62,NAF,Nông nghiệp
2025-09-05 07:00:00,29.12,NAF,Nông nghiệp
2025-09-12 07:00:00,29.52,NAF,Nông nghiệp
2025-09-19 07:00:00,30.12,NAF,Nông nghiệp
2025-09-26 07:00:00,30.02,NAF,Nông nghiệp
2025-10-03 07:00:00,32.16,NAF,Nông nghiệp
2025-10-10 07:00:00,33.1,NAF,Nông nghiệp
2025-10-17 07:00:00,33.7,NAF,Nông nghiệp
2025-10-24 07:00:00,34.2,NAF,Nông nghiệp
2025-10-31 07:00:00,34.95,NAF,Nông nghiệp
2025-11-07 07:00:00,34.6,NAF,Nông nghiệp
2025-11-14 07:00:00,33.85,NAF,Nông nghiệp
2025-11-21 07:00:00,34.0,NAF,Nông nghiệp
2025-11-28 07:00:00,32.25,NAF,Nông nghiệp
2025-12-05 07:00:00,32.6,NAF,Nông nghiệp
2025-12-12 07:00:00,34.4,NAF,Nông nghiệp
2025-12-19 07:00:00,35.9,NAF,Nông nghiệp
2025-12-26 07:00:00,36.5,NAF,Nông nghiệp
2025-12-31 07:00:00,37.95,NAF,Nông nghiệp
2026-01-09 07:00:00,37.65,NAF,Nông nghiệp
2026-01-16 07:00:00,39.2,NAF,Nông nghiệp
2026-01-23 07:00:00,38.85,NAF,Nông nghiệp
2026-01-30 07:00:00,42.45,NAF,Nông nghiệp
2026-02-06 07:00:00,41.5,NAF,Nông nghiệp
2026-02-13 07:00:00,42.7,NAF,Nông nghiệp
2026-02-27 07:00:00,42.25,NAF,Nông nghiệp
2026-03-06 07:00:00,44.25,NAF,Nông nghiệp
2026-03-13 07:00:00,45.35,NAF,Nông nghiệp
2026-03-20 07:00:00,49.1,NAF,Nông nghiệp
2026-03-27 07:00:00,48.1,NAF,Nông nghiệp
2026-04-03 07:00:00,49.05,NAF,Nông nghiệp
2026-04-10 07:00:00,50.2,NAF,Nông nghiệp
2026-04-17 07:00:00,49.85,NAF,Nông nghiệp
2026-04-24 07:00:00,50.4,NAF,Nông nghiệp
2026-04-29 07:00:00,49.35,NAF,Nông nghiệp
2026-05-08 07:00:00,49.95,NAF,Nông nghiệp
2026-05-15 07:00:00,49.9,NAF,Nông nghiệp
2026-05-22 07:00:00,52.5,NAF,Nông nghiệp
2026-05-29 07:00:00,53.6,NAF,Nông nghiệp
2026-06-05 07:00:00,52.3,NAF,Nông nghiệp
2026-06-12 07:00:00,50.3,NAF,Nông nghiệp
2026-06-19 07:00:00,50.3,NAF,Nông nghiệp
2026-06-26 07:00:00,50.1,NAF,Nông nghiệp
2026-07-03 07:00:00,48.6,NAF,Nông nghiệp
2026-07-10 07:00:00,48.75,NAF,Nông nghiệp
2026-07-17 07:00:00,49.0,NAF,Nông nghiệp
2026-07-24 07:00:00,45.55,NAF,Nông nghiệp
2026-07-31 07:00:00,48.3,NAF,Nông nghiệp
2026-08-07 07:00:00,48.2,NAF,Nông nghiệp
2026-08-13 07:00:00,48.1,NAF,Nông nghiệp
2025-08-01 07:00:00,3.35,TSC,Nông nghiệp
2025-08-08 07:00:00,3.34,TSC,Nông nghiệp
2025-08-15 07:00:00,3.26,TSC,Nông nghiệp
2025-08-22 07:00:00,3.19,TSC,Nông nghiệp
2025-08-29 07:00:00,3.23,TSC,Nông nghiệp
2025-09-05 07:00:00,3.23,TSC,Nông nghiệp
2025-09-12 07:00:00,3.12,TSC,Nông nghiệp
2025-09-19 07:00:00,3.22,TSC,Nông nghiệp
2025-09-26 07:00:00,3.17,TSC,Nông nghiệp
2025-10-03 07:00:00,3.09,TSC,Nông nghiệp
2025-10-10 07:00:00,3.07,TSC,Nông nghiệp
2025-10-17 07:00:00,3.0,TSC,Nông nghiệp
2025-10-24 07:00:00,2.83,TSC,Nông nghiệp
2025-10-31 07:00:00,3.02,TSC,Nông nghiệp
2025-11-07 07:00:00,2.92,TSC,Nông nghiệp
2025-11-14 07:00:00,2.96,TSC,Nông nghiệp
2025-11-21 07:00:00,3.02,TSC,Nông nghiệp
2025-11-28 07:00:00,3.04,TSC,Nông nghiệp
2025-12-05 07:00:00,3.1,TSC,Nông nghiệp
2025-12-12 07:00:00,3.02,TSC,Nông nghiệp
2025-12-19 07:00:00,3.08,TSC,Nông nghiệp
2025-12-26 07:00:00,3.07,TSC,Nông nghiệp
2025-12-31 07:00:00,3.06,TSC,Nông nghiệp
2026-01-09 07:00:00,2.94,TSC,Nông nghiệp
2026-01-16 07:00:00,2.95,TSC,Nông nghiệp
2026-01-23 07:00:00,2.97,TSC,Nông nghiệp
2026-01-30 07:00:00,2.89,TSC,Nông nghiệp
2026-02-06 07:00:00,2.84,TSC,Nông nghiệp
2026-02-13 07:00:00,2.8,TSC,Nông nghiệp
2026-02-27 07:00:00,2.83,TSC,Nông nghiệp
2026-03-06 07:00:00,2.55,TSC,Nông nghiệp
2026-03-13 07:00:00,2.46,TSC,Nông nghiệp
2026-03-20 07:00:00,2.5,TSC,Nông nghiệp
2026-03-27 07:00:00,2.58,TSC,Nông nghiệp
2026-04-03 07:00:00,2.42,TSC,Nông nghiệp
2026-04-10 07:00:00,2.49,TSC,Nông nghiệp
2026-04-17 07:00:00,2.37,TSC,Nông nghiệp
2026-04-24 07:00:00,2.39,TSC,Nông nghiệp
2026-04-29 07:00:00,2.39,TSC,Nông nghiệp
2026-05-08 07:00:00,2.35,TSC,Nông nghiệp
2026-05-15 07:00:00,2.32,TSC,Nông nghiệp
2026-05-22 07:00:00,2.27,TSC,Nông nghiệp
2026-05-29 07:00:00,2.2,TSC,Nông nghiệp
2026-06-05 07:00:00,2.26,TSC,Nông nghiệp
2026-06-12 07:00:00,2.31,TSC,Nông nghiệp
2026-06-19 07:00:00,2.32,TSC,Nông nghiệp
2026-06-26 07:00:00,2.26,TSC,Nông nghiệp
2026-07-03 07:00:00,2.27,TSC,Nông nghiệp
2026-07-10 07:00:00,2.15,TSC,Nông nghiệp
2026-07-17 07:00:00,2.1,TSC,Nông nghiệp
2026-07-24 07:00:00,2.0,TSC,Nông nghiệp
2026-07-31 07:00:00,1.98,TSC,Nông nghiệp
2026-08-07 07:00:00,2.04,TSC,Nông nghiệp
2026-08-13 07:00:00,2.02,TSC,Nông nghiệp
2025-08-01 07:00:00,16.81,GEG,Năng lượng
2025-08-08 07:00:00,16.19,GEG,Năng lượng
2025-08-15 07:00:00,15.95,GEG,Năng lượng
2025-08-22 07:00:00,14.9,GEG,Năng lượng
2025-08-29 07:00:00,14.86,GEG,Năng lượng
2025-09-05 07:00:00,15.1,GEG,Năng lượng
2025-09-12 07:00:00,15.43,GEG,Năng lượng
2025-09-19 07:00:00,15.57,GEG,Năng lượng
2025-09-26 07:00:00,15.52,GEG,Năng lượng
2025-10-03 07:00:00,15.1,GEG,Năng lượng
2025-10-10 07:00:00,15.19,GEG,Năng lượng
2025-10-17 07:00:00,14.95,GEG,Năng lượng
2025-10-24 07:00:00,14.33,GEG,Năng lượng
2025-10-31 07:00:00,15.19,GEG,Năng lượng
2025-11-07 07:00:00,14.29,GEG,Năng lượng
2025-11-14 07:00:00,14.38,GEG,Năng lượng
2025-11-21 07:00:00,14.14,GEG,Năng lượng
2025-11-28 07:00:00,13.62,GEG,Năng lượng
2025-12-05 07:00:00,13.67,GEG,Năng lượng
2025-12-12 07:00:00,13.29,GEG,Năng lượng
2025-12-19 07:00:00,13.52,GEG,Năng lượng
2025-12-26 07:00:00,14.0,GEG,Năng lượng
2025-12-31 07:00:00,14.67,GEG,Năng lượng
2026-01-09 07:00:00,13.81,GEG,Năng lượng
2026-01-16 07:00:00,14.33,GEG,Năng lượng
2026-01-23 07:00:00,14.29,GEG,Năng lượng
2026-01-30 07:00:00,14.05,GEG,Năng lượng
2026-02-06 07:00:00,13.9,GEG,Năng lượng
2026-02-13 07:00:00,13.86,GEG,Năng lượng
2026-02-27 07:00:00,14.14,GEG,Năng lượng
2026-03-06 07:00:00,14.62,GEG,Năng lượng
2026-03-13 07:00:00,15.95,GEG,Năng lượng
2026-03-20 07:00:00,15.81,GEG,Năng lượng
2026-03-27 07:00:00,16.14,GEG,Năng lượng
2026-04-03 07:00:00,15.1,GEG,Năng lượng
2026-04-10 07:00:00,14.48,GEG,Năng lượng
2026-04-17 07:00:00,14.57,GEG,Năng lượng
2026-04-24 07:00:00,13.9,GEG,Năng lượng
2026-04-29 07:00:00,13.62,GEG,Năng lượng
2026-05-08 07:00:00,13.62,GEG,Năng lượng
2026-05-15 07:00:00,13.48,GEG,Năng lượng
2026-05-22 07:00:00,13.43,GEG,Năng lượng
2026-05-29 07:00:00,13.38,GEG,Năng lượng
2026-06-05 07:00:00,13.24,GEG,Năng lượng
2026-06-12 07:00:00,13.35,GEG,Năng lượng
2026-06-19 07:00:00,13.55,GEG,Năng lượng
2026-06-26 07:00:00,13.7,GEG,Năng lượng
2026-07-03 07:00:00,13.7,GEG,Năng lượng
2026-07-10 07:00:00,13.2,GEG,Năng lượng
2026-07-17 07:00:00,12.8,GEG,Năng lượng
2026-07-24 07:00:00,11.95,GEG,Năng lượng
2026-07-31 07:00:00,12.1,GEG,Năng lượng
2026-08-07 07:00:00,12.1,GEG,Năng lượng
2026-08-13 07:00:00,12.35,GEG,Năng lượng
2025-08-01 07:00:00,10.48,PPC,Năng lượng
2025-08-08 07:00:00,10.63,PPC,Năng lượng
2025-08-15 07:00:00,10.63,PPC,Năng lượng
2025-08-22 07:00:00,10.29,PPC,Năng lượng
2025-08-29 07:00:00,10.39,PPC,Năng lượng
2025-09-05 07:00:00,10.44,PPC,Năng lượng
2025-09-12 07:00:00,10.39,PPC,Năng lượng
2025-09-19 07:00:00,10.34,PPC,Năng lượng
2025-09-26 07:00:00,10.25,PPC,Năng lượng
2025-10-03 07:00:00,10.15,PPC,Năng lượng
2025-10-10 07:00:00,10.15,PPC,Năng lượng
2025-10-17 07:00:00,9.77,PPC,Năng lượng
2025-10-24 07:00:00,9.72,PPC,Năng lượng
2025-10-31 07:00:00,9.82,PPC,Năng lượng
2025-11-07 07:00:00,10.05,PPC,Năng lượng
2025-11-14 07:00:00,10.15,PPC,Năng lượng
2025-11-21 07:00:00,10.0,PPC,Năng lượng
2025-11-28 07:00:00,10.0,PPC,Năng lượng
2025-12-05 07:00:00,10.05,PPC,Năng lượng
2025-12-12 07:00:00,9.9,PPC,Năng lượng
2025-12-19 07:00:00,9.84,PPC,Năng lượng
2025-12-26 07:00:00,9.82,PPC,Năng lượng
2025-12-31 07:00:00,9.86,PPC,Năng lượng
2026-01-09 07:00:00,9.95,PPC,Năng lượng
2026-01-16 07:00:00,10.15,PPC,Năng lượng
2026-01-23 07:00:00,10.1,PPC,Năng lượng
2026-01-30 07:00:00,10.05,PPC,Năng lượng
2026-02-06 07:00:00,10.1,PPC,Năng lượng
2026-02-13 07:00:00,10.1,PPC,Năng lượng
2026-02-27 07:00:00,10.1,PPC,Năng lượng
2026-03-06 07:00:00,10.2,PPC,Năng lượng
2026-03-13 07:00:00,10.65,PPC,Năng lượng
2026-03-20 07:00:00,10.95,PPC,Năng lượng
2026-03-27 07:00:00,10.8,PPC,Năng lượng
2026-04-03 07:00:00,10.25,PPC,Năng lượng
2026-04-10 07:00:00,10.25,PPC,Năng lượng
2026-04-17 07:00:00,10.15,PPC,Năng lượng
2026-04-24 07:00:00,10.05,PPC,Năng lượng
2026-04-29 07:00:00,9.9,PPC,Năng lượng
2026-05-08 07:00:00,9.89,PPC,Năng lượng
2026-05-15 07:00:00,9.81,PPC,Năng lượng
2026-05-22 07:00:00,9.67,PPC,Năng lượng
2026-05-29 07:00:00,9.81,PPC,Năng lượng
2026-06-05 07:00:00,9.73,PPC,Năng lượng
2026-06-12 07:00:00,9.67,PPC,Năng lượng
2026-06-19 07:00:00,9.67,PPC,Năng lượng
2026-06-26 07:00:00,9.62,PPC,Năng lượng
2026-07-03 07:00:00,9.48,PPC,Năng lượng
2026-07-10 07:00:00,9.24,PPC,Năng lượng
2026-07-17 07:00:00,9.1,PPC,Năng lượng
2026-07-24 07:00:00,9.01,PPC,Năng lượng
2026-07-31 07:00:00,8.82,PPC,Năng lượng
2026-08-07 07:00:00,8.83,PPC,Năng lượng
2026-08-13 07:00:00,8.98,PPC,Năng lượng
2025-08-01 07:00:00,12.14,QTP,Năng lượng
2025-08-08 07:00:00,12.14,QTP,Năng lượng
2025-08-15 07:00:00,12.23,QTP,Năng lượng
2025-08-22 07:00:00,12.32,QTP,Năng lượng
2025-08-29 07:00:00,12.51,QTP,Năng lượng
2025-09-05 07:00:00,12.51,QTP,Năng lượng
2025-09-12 07:00:00,12.51,QTP,Năng lượng
2025-09-19 07:00:00,12.32,QTP,Năng lượng
2025-09-26 07:00:00,12.23,QTP,Năng lượng
2025-10-03 07:00:00,12.14,QTP,Năng lượng
2025-10-10 07:00:00,12.14,QTP,Năng lượng
2025-10-17 07:00:00,12.04,QTP,Năng lượng
2025-10-24 07:00:00,11.95,QTP,Năng lượng
2025-10-31 07:00:00,11.95,QTP,Năng lượng
2025-11-07 07:00:00,11.86,QTP,Năng lượng
2025-11-14 07:00:00,11.77,QTP,Năng lượng
2025-11-21 07:00:00,11.86,QTP,Năng lượng
2025-11-28 07:00:00,11.95,QTP,Năng lượng
2025-12-05 07:00:00,11.86,QTP,Năng lượng
2025-12-12 07:00:00,11.77,QTP,Năng lượng
2025-12-19 07:00:00,11.67,QTP,Năng lượng
2025-12-26 07:00:00,11.49,QTP,Năng lượng
2025-12-31 07:00:00,11.58,QTP,Năng lượng
2026-01-09 07:00:00,12.04,QTP,Năng lượng
2026-01-16 07:00:00,12.32,QTP,Năng lượng
2026-01-23 07:00:00,12.6,QTP,Năng lượng
2026-01-30 07:00:00,12.4,QTP,Năng lượng
2026-02-06 07:00:00,12.6,QTP,Năng lượng
2026-02-13 07:00:00,12.5,QTP,Năng lượng
2026-02-27 07:00:00,12.7,QTP,Năng lượng
2026-03-06 07:00:00,12.7,QTP,Năng lượng
2026-03-13 07:00:00,13.6,QTP,Năng lượng
2026-03-20 07:00:00,14.1,QTP,Năng lượng
2026-03-27 07:00:00,13.8,QTP,Năng lượng
2026-04-03 07:00:00,13.1,QTP,Năng lượng
2026-04-10 07:00:00,13.0,QTP,Năng lượng
2026-04-17 07:00:00,12.9,QTP,Năng lượng
2026-04-24 07:00:00,12.5,QTP,Năng lượng
2026-04-29 07:00:00,12.4,QTP,Năng lượng
2026-05-08 07:00:00,12.2,QTP,Năng lượng
2026-05-15 07:00:00,12.3,QTP,Năng lượng
2026-05-22 07:00:00,12.1,QTP,Năng lượng
2026-05-29 07:00:00,12.0,QTP,Năng lượng
2026-06-05 07:00:00,12.0,QTP,Năng lượng
2026-06-12 07:00:00,11.9,QTP,Năng lượng
2026-06-19 07:00:00,11.8,QTP,Năng lượng
2026-06-26 07:00:00,11.5,QTP,Năng lượng
2026-07-03 07:00:00,11.5,QTP,Năng lượng
2026-07-10 07:00:00,11.4,QTP,Năng lượng
2026-07-17 07:00:00,11.2,QTP,Năng lượng
2026-07-24 07:00:00,10.9,QTP,Năng lượng
2026-07-31 07:00:00,11.1,QTP,Năng lượng
2026-08-07 07:00:00,11.3,QTP,Năng lượng
2026-08-13 07:00:00,11.2,QTP,Năng lượng
2025-08-01 07:00:00,11.79,POW,Năng lượng
2025-08-08 07:00:00,12.54,POW,Năng lượng
2025-08-15 07:00:00,13.12,POW,Năng lượng
2025-08-22 07:00:00,13.66,POW,Năng lượng
2025-08-29 07:00:00,13.61,POW,Năng lượng
2025-09-05 07:00:00,13.37,POW,Năng lượng
2025-09-12 07:00:00,12.79,POW,Năng lượng
2025-09-19 07:00:00,12.66,POW,Năng lượng
2025-09-26 07:00:00,12.37,POW,Năng lượng
2025-10-03 07:00:00,11.63,POW,Năng lượng
2025-10-10 07:00:00,12.08,POW,Năng lượng
2025-10-17 07:00:00,11.71,POW,Năng lượng
2025-10-24 07:00:00,11.09,POW,Năng lượng
2025-10-31 07:00:00,11.88,POW,Năng lượng
2025-11-07 07:00:00,11.75,POW,Năng lượng
2025-11-14 07:00:00,12.33,POW,Năng lượng
2025-11-21 07:00:00,12.37,POW,Năng lượng
2025-11-28 07:00:00,12.62,POW,Năng lượng
2025-12-05 07:00:00,12.46,POW,Năng lượng
2025-12-12 07:00:00,11.55,POW,Năng lượng
2025-12-19 07:00:00,12.2,POW,Năng lượng
2025-12-26 07:00:00,12.8,POW,Năng lượng
2025-12-31 07:00:00,12.7,POW,Năng lượng
2026-01-09 07:00:00,14.4,POW,Năng lượng
2026-01-16 07:00:00,14.25,POW,Năng lượng
2026-01-23 07:00:00,13.9,POW,Năng lượng
2026-01-30 07:00:00,13.75,POW,Năng lượng
2026-02-06 07:00:00,13.5,POW,Năng lượng
2026-02-13 07:00:00,13.4,POW,Năng lượng
2026-02-27 07:00:00,14.5,POW,Năng lượng
2026-03-06 07:00:00,14.55,POW,Năng lượng
2026-03-13 07:00:00,13.3,POW,Năng lượng
2026-03-20 07:00:00,13.15,POW,Năng lượng
2026-03-27 07:00:00,13.05,POW,Năng lượng
2026-04-03 07:00:00,12.65,POW,Năng lượng
2026-04-10 07:00:00,13.0,POW,Năng lượng
2026-04-17 07:00:00,13.25,POW,Năng lượng
2026-04-24 07:00:00,12.8,POW,Năng lượng
2026-04-29 07:00:00,12.65,POW,Năng lượng
2026-05-08 07:00:00,14.0,POW,Năng lượng
2026-05-15 07:00:00,14.1,POW,Năng lượng
2026-05-22 07:00:00,13.6,POW,Năng lượng
2026-05-29 07:00:00,13.7,POW,Năng lượng
2026-06-05 07:00:00,13.45,POW,Năng lượng
2026-06-12 07:00:00,13.5,POW,Năng lượng
2026-06-19 07:00:00,13.9,POW,Năng lượng
2026-06-26 07:00:00,14.8,POW,Năng lượng
2026-07-03 07:00:00,14.9,POW,Năng lượng
2026-07-10 07:00:00,14.1,POW,Năng lượng
2026-07-17 07:00:00,13.9,POW,Năng lượng
2026-07-24 07:00:00,13.35,POW,Năng lượng
2026-07-31 07:00:00,13.6,POW,Năng lượng
2026-08-07 07:00:00,13.6,POW,Năng lượng
2026-08-13 07:00:00,13.5,POW,Năng lượng
2025-08-01 07:00:00,44.75,QNS,Đường
2025-08-08 07:00:00,45.3,QNS,Đường
2025-08-15 07:00:00,45.02,QNS,Đường
2025-08-22 07:00:00,44.09,QNS,Đường
2025-08-29 07:00:00,44.65,QNS,Đường
2025-09-05 07:00:00,44.28,QNS,Đường
2025-09-12 07:00:00,44.37,QNS,Đường
2025-09-19 07:00:00,44.56,QNS,Đường
2025-09-26 07:00:00,44.28,QNS,Đường
2025-10-03 07:00:00,44.46,QNS,Đường
2025-10-10 07:00:00,44.56,QNS,Đường
2025-10-17 07:00:00,43.99,QNS,Đường
2025-10-24 07:00:00,43.52,QNS,Đường
2025-10-31 07:00:00,42.3,QNS,Đường
2025-11-07 07:00:00,41.93,QNS,Đường
2025-11-14 07:00:00,41.46,QNS,Đường
2025-11-21 07:00:00,41.84,QNS,Đường
2025-11-28 07:00:00,41.18,QNS,Đường
2025-12-05 07:00:00,42.49,QNS,Đường
2025-12-12 07:00:00,42.02,QNS,Đường
2025-12-19 07:00:00,42.21,QNS,Đường
2025-12-26 07:00:00,42.3,QNS,Đường
2025-12-31 07:00:00,44.09,QNS,Đường
2026-01-09 07:00:00,44.09,QNS,Đường
2026-01-16 07:00:00,44.57,QNS,Đường
2026-01-23 07:00:00,44.76,QNS,Đường
2026-01-30 07:00:00,45.52,QNS,Đường
2026-02-06 07:00:00,46.87,QNS,Đường
2026-02-13 07:00:00,47.06,QNS,Đường
2026-02-27 07:00:00,47.44,QNS,Đường
2026-03-06 07:00:00,46.77,QNS,Đường
2026-03-13 07:00:00,45.52,QNS,Đường
2026-03-20 07:00:00,46.0,QNS,Đường
2026-03-27 07:00:00,45.62,QNS,Đường
2026-04-03 07:00:00,45.43,QNS,Đường
2026-04-10 07:00:00,45.33,QNS,Đường
2026-04-17 07:00:00,45.6,QNS,Đường
2026-04-24 07:00:00,44.2,QNS,Đường
2026-04-29 07:00:00,45.2,QNS,Đường
2026-05-08 07:00:00,47.4,QNS,Đường
2026-05-15 07:00:00,48.7,QNS,Đường
2026-05-22 07:00:00,48.6,QNS,Đường
2026-05-29 07:00:00,47.6,QNS,Đường
2026-06-05 07:00:00,47.5,QNS,Đường
2026-06-12 07:00:00,48.2,QNS,Đường
2026-06-19 07:00:00,48.6,QNS,Đường
2026-06-26 07:00:00,49.2,QNS,Đường
2026-07-03 07:00:00,48.9,QNS,Đường
2026-07-10 07:00:00,48.5,QNS,Đường
2026-07-17 07:00:00,48.5,QNS,Đường
2026-07-24 07:00:00,47.6,QNS,Đường
2026-07-31 07:00:00,47.2,QNS,Đường
2026-08-07 07:00:00,47.0,QNS,Đường
2026-08-13 07:00:00,46.9,QNS,Đường
2025-08-01 07:00:00,22.35,SBT,Đường
2025-08-08 07:00:00,23.53,SBT,Đường
2025-08-15 07:00:00,23.53,SBT,Đường
2025-08-22 07:00:00,23.05,SBT,Đường
2025-08-29 07:00:00,23.1,SBT,Đường
2025-09-05 07:00:00,23.1,SBT,Đường
2025-09-12 07:00:00,22.77,SBT,Đường
2025-09-19 07:00:00,22.58,SBT,Đường
2025-09-26 07:00:00,22.72,SBT,Đường
2025-10-03 07:00:00,22.63,SBT,Đường
2025-10-10 07:00:00,25.22,SBT,Đường
2025-10-17 07:00:00,23.95,SBT,Đường
2025-10-24 07:00:00,24.09,SBT,Đường
2025-10-31 07:00:00,23.9,SBT,Đường
2025-11-07 07:00:00,23.76,SBT,Đường
2025-11-14 07:00:00,23.81,SBT,Đường
2025-11-21 07:00:00,23.86,SBT,Đường
2025-11-28 07:00:00,23.57,SBT,Đường
2025-12-05 07:00:00,23.76,SBT,Đường
2025-12-12 07:00:00,23.01,SBT,Đường
2025-12-19 07:00:00,23.34,SBT,Đường
2025-12-26 07:00:00,22.82,SBT,Đường
2025-12-31 07:00:00,23.67,SBT,Đường
2026-01-09 07:00:00,23.01,SBT,Đường
2026-01-16 07:00:00,22.91,SBT,Đường
2026-01-23 07:00:00,22.68,SBT,Đường
2026-01-30 07:00:00,22.54,SBT,Đường
2026-02-06 07:00:00,22.44,SBT,Đường
2026-02-13 07:00:00,22.54,SBT,Đường
2026-02-27 07:00:00,22.72,SBT,Đường
2026-03-06 07:00:00,21.69,SBT,Đường
2026-03-13 07:00:00,21.22,SBT,Đường
2026-03-20 07:00:00,19.42,SBT,Đường
2026-03-27 07:00:00,21.5,SBT,Đường
2026-04-03 07:00:00,20.65,SBT,Đường
2026-04-10 07:00:00,20.6,SBT,Đường
2026-04-17 07:00:00,20.65,SBT,Đường
2026-04-24 07:00:00,20.5,SBT,Đường
2026-04-29 07:00:00,20.35,SBT,Đường
2026-05-08 07:00:00,20.4,SBT,Đường
2026-05-15 07:00:00,20.2,SBT,Đường
2026-05-22 07:00:00,21.15,SBT,Đường
2026-05-29 07:00:00,20.35,SBT,Đường
2026-06-05 07:00:00,20.3,SBT,Đường
2026-06-12 07:00:00,21.55,SBT,Đường
2026-06-19 07:00:00,21.55,SBT,Đường
2026-06-26 07:00:00,21.3,SBT,Đường
2026-07-03 07:00:00,21.25,SBT,Đường
2026-07-10 07:00:00,21.3,SBT,Đường
2026-07-17 07:00:00,20.9,SBT,Đường
2026-07-24 07:00:00,20.75,SBT,Đường
2026-07-31 07:00:00,21.25,SBT,Đường
2026-08-07 07:00:00,21.0,SBT,Đường
2026-08-13 07:00:00,23.0,SBT,Đường
